-- comprador
insert into info.persona(id, id_tipo_persona, ruc, dv_ruc, estado) values(200000, 2, '123456', '7', 'A');
insert into info.persona_juridica(id, nombre_fantasia, razon_social) values(200000, 'COMPRADOR II S.A.', 'COMPRADOR II S.A.');
insert into info."local"(id, id_persona, descripcion, gln, estado, facturable, entidad) values(1, 200000, '', 200000, 'A', 'N', 'N');

-- proveedor
insert into info.persona(id, id_tipo_persona, ruc, dv_ruc, estado) values(200001, 2, '654321', '7', 'A');
insert into info.persona_juridica(id, nombre_fantasia, razon_social) values(200001, 'PROVEEDOR II S.A.', 'PROVEEDOR II S.A.');
insert into info."local"(id, id_persona, descripcion, gln, estado, facturable, entidad) values(1, 200001, '', 200001, 'A', 'N', 'N');

-- relacion comercial: proveedor - comprador.
insert into trans.persona_rol(id_persona, id_rol, estado) values(200000, 1, 'A');
insert into trans.persona_rol(id_persona, id_rol, estado) values(200001, 2, 'A');
insert into trans.proveedor_comprador(id_proveedor, id_comprador, estado, fecha_insercion) values(200001, 200000, 'A', now());

-- entidad financiera
insert into info.persona(id, id_tipo_persona, ruc, dv_ruc, estado) values(200002, 2, '00000000', '0', 'A');
insert into info.persona_juridica(id, nombre_fantasia, razon_social) values(200002, 'BANCO ITAU PARAGUAY S.A.', 'BANCO ITAU PARAGUAY S.A.');
insert into info.entidad_financiera (id_entidad_financiera) values(200002);
insert into info."local"(id, id_persona, descripcion, gln, estado, facturable, entidad) values(1, 200002, '', 200002, 'A', 'N', 'N');

-- comprador: contacto email.
insert into info.contacto(id_contacto, id_tipo_contacto, id_cargo, estado) values(200000, 1, 1, 'A');
insert into info.email(id, id_tipo_email, email, principal) values(200000, 1, 'comprador@mail.com.py', 'S');
insert into info.contacto_email(id_email, id_contacto, notificacion_documento, notificacion_factura, notificacion_nota_credito, notificacion_factoring, notificacion_recibo) values(200000, 200000, 'N', 'N', 'N', 'S', 'N');

-- comprador: proveedor email.
insert into info.contacto(id_contacto, id_tipo_contacto, id_cargo, estado) values(200001, 1, 1, 'A');
insert into info.email(id, id_tipo_email, email, principal) values(200001, 1, 'proveedor@mail.com.py', 'S');
insert into info.contacto_email(id_email, id_contacto, notificacion_documento, notificacion_factura, notificacion_nota_credito, notificacion_factoring, notificacion_recibo) values(200001, 200001, 'N', 'N', 'N', 'S', 'N');

-- entidad: contacto email.
insert into info.contacto(id_contacto, id_tipo_contacto, id_cargo, estado) values(200002, 1, 1, 'A');
insert into info.email(id, id_tipo_email, email, principal) values(200002, 1, 'entidad@mail.com.py', 'S');
insert into info.contacto_email(id_email, id_contacto, notificacion_documento, notificacion_factura, notificacion_nota_credito, notificacion_factoring, notificacion_recibo) values(200002, 200002, 'N', 'N', 'N', 'S', 'N');

-- adhesion a entidad financiera: comprador
insert into factoring.persona_entidad(id_persona, id_perfil, id_entidad_financiera, estado) values(200000, 1, 200002, 'A');

-- adhesion a entidad financiera: proveedor
insert into factoring.persona_entidad(id_persona, id_perfil, id_entidad_financiera, estado) values(200001, 2, 200002, 'A');

-- comprador: cuenta entidad
insert into info.cuenta (id, id_local, id_persona, id_tipo_cuenta, orden, estado) values(200000, 1, 200000, 1, 1, 'A');
insert into info.cuenta_entidad_financiera (id_entidad_financiera, id_persona, id_cuenta, nro_cuenta, fecha_alta) values(200002, 200000, 200000, '2000000-11', now());

-- proveedor: cuenta entidad
insert into info.cuenta (id, id_local, id_persona, id_tipo_cuenta, orden, estado) values(200001, 1, 200001, 1, 1, 'A');
insert into info.cuenta_entidad_financiera (id_entidad_financiera, id_persona, id_cuenta, nro_cuenta, fecha_alta) values(200002, 200001, 200001, '2000000-22', now());

-- entidad: cuenta entidad
insert into info.cuenta (id, id_local, id_persona, id_tipo_cuenta, orden, estado) values(200002, 1, 200002, 1, 1, 'A');
insert into info.cuenta_entidad_financiera (id_entidad_financiera, id_persona, id_cuenta, nro_cuenta, fecha_alta) values(200002, 200002, 200002, '2000000-33', now());

-- comprador: usuario (password: 123)
insert into trans.usuario(id, id_persona, usuario, contrasena, estado) values(200000, 200000, 'comprador2', '$2a$10$h5uYE1GhRcZi6FwM.34rCeVs9LCf8/j9JQR42dl/EzjOiZXoZj5Py', 'A');
insert into factoring.usuario_perfil(id_usuario, id_perfil) values(200000, 1);

-- proveedor: usuario (password: 123)
insert into trans.usuario(id, id_persona, usuario, contrasena, estado) values(200001, 200001, 'proveedor2', '$2a$10$h5uYE1GhRcZi6FwM.34rCeVs9LCf8/j9JQR42dl/EzjOiZXoZj5Py', 'A');
insert into factoring.usuario_perfil(id_usuario, id_perfil) values(200001, 2);

-- entidad financiera: usuario (password: 123)
insert into trans.usuario(id, id_persona, usuario, contrasena, estado) values(200002, 200002, 'entidad2', '$2a$10$h5uYE1GhRcZi6FwM.34rCeVs9LCf8/j9JQR42dl/EzjOiZXoZj5Py', 'A');
insert into factoring.usuario_perfil(id_usuario, id_perfil) values(200002, 3);

-- facturas
insert into factoring.factura (id_lote, id_moneda, id_persona_origen, id_persona_destino, id_documento, id_tipo_documento, id_estado, nro_factura, nro_timbrado, vto_timbrado, razon_social_comprador, ruc_comprador, direccion_comprador, telefono_comprador, razon_social_proveedor, ruc_proveedor, direccion_proveedor, telefono_proveedor, fecha, fecha_pago, dias_credito, monto_iva_5, monto_imponible_5, monto_total_5, monto_iva_10, monto_imponible_10, monto_total_10, monto_total_exento, monto_iva_total, monto_imponible_total, monto_total_factura, hash) values (NULL, 1, 200001, 200000, NULL, NULL, 1, '001-001-0000001', '123123123123', 'DICIEMBRE/2050', 'EL COMPRADOR II S.A.', '123456-7', NULL, NULL, 'EL PROVEEDOR II S.A.', '654321-7', NULL, NULL, '2021-10-28', '2021-11-17', 20, 0, 0, 0, 0, 0, 0, 74433300, 0, 74433300, 74433300, NULL);
insert into factoring.factura (id_lote, id_moneda, id_persona_origen, id_persona_destino, id_documento, id_tipo_documento, id_estado, nro_factura, nro_timbrado, vto_timbrado, razon_social_comprador, ruc_comprador, direccion_comprador, telefono_comprador, razon_social_proveedor, ruc_proveedor, direccion_proveedor, telefono_proveedor, fecha, fecha_pago, dias_credito, monto_iva_5, monto_imponible_5, monto_total_5, monto_iva_10, monto_imponible_10, monto_total_10, monto_total_exento, monto_iva_total, monto_imponible_total, monto_total_factura, hash) values (NULL, 1, 200001, 200000, NULL, NULL, 1, '001-001-0000002', '123123123123', 'DICIEMBRE/2050', 'EL COMPRADOR II S.A.', '123456-7', NULL, NULL, 'EL PROVEEDOR II S.A.', '654321-7', NULL, NULL, '2021-10-28', '2021-11-18', 21, 0, 0, 0, 0, 0, 0, 6790611, 0, 6790611, 6790611, NULL);
insert into factoring.factura (id_lote, id_moneda, id_persona_origen, id_persona_destino, id_documento, id_tipo_documento, id_estado, nro_factura, nro_timbrado, vto_timbrado, razon_social_comprador, ruc_comprador, direccion_comprador, telefono_comprador, razon_social_proveedor, ruc_proveedor, direccion_proveedor, telefono_proveedor, fecha, fecha_pago, dias_credito, monto_iva_5, monto_imponible_5, monto_total_5, monto_iva_10, monto_imponible_10, monto_total_10, monto_total_exento, monto_iva_total, monto_imponible_total, monto_total_factura, hash) values (NULL, 1, 200001, 200000, NULL, NULL, 1, '001-001-0000003', '123123123123', 'DICIEMBRE/2050', 'EL COMPRADOR II S.A.', '123456-7', NULL, NULL, 'EL PROVEEDOR II S.A.', '654321-7', NULL, NULL, '2021-10-28', '2021-11-19', 22, 0, 0, 0, 0, 0, 0, 528098, 0, 528098, 528098, NULL);
insert into factoring.factura (id_lote, id_moneda, id_persona_origen, id_persona_destino, id_documento, id_tipo_documento, id_estado, nro_factura, nro_timbrado, vto_timbrado, razon_social_comprador, ruc_comprador, direccion_comprador, telefono_comprador, razon_social_proveedor, ruc_proveedor, direccion_proveedor, telefono_proveedor, fecha, fecha_pago, dias_credito, monto_iva_5, monto_imponible_5, monto_total_5, monto_iva_10, monto_imponible_10, monto_total_10, monto_total_exento, monto_iva_total, monto_imponible_total, monto_total_factura, hash) values (NULL, 1, 200001, 200000, NULL, NULL, 1, '001-001-0000004', '123123123123', 'DICIEMBRE/2050', 'EL COMPRADOR II S.A.', '123456-7', NULL, NULL, 'EL PROVEEDOR II S.A.', '654321-7', NULL, NULL, '2021-10-28', '2021-11-20', 23, 0, 0, 0, 0, 0, 0, 45806, 0, 45806, 45806, NULL);
insert into factoring.factura (id_lote, id_moneda, id_persona_origen, id_persona_destino, id_documento, id_tipo_documento, id_estado, nro_factura, nro_timbrado, vto_timbrado, razon_social_comprador, ruc_comprador, direccion_comprador, telefono_comprador, razon_social_proveedor, ruc_proveedor, direccion_proveedor, telefono_proveedor, fecha, fecha_pago, dias_credito, monto_iva_5, monto_imponible_5, monto_total_5, monto_iva_10, monto_imponible_10, monto_total_10, monto_total_exento, monto_iva_total, monto_imponible_total, monto_total_factura, hash) values (NULL, 1, 200001, 200000, NULL, NULL, 1, '001-001-0000005', '123123123123', 'DICIEMBRE/2050', 'EL COMPRADOR II S.A.', '123456-7', NULL, NULL, 'EL PROVEEDOR II S.A.', '654321-7', NULL, NULL, '2021-10-28', '2021-11-21', 24, 0, 0, 0, 0, 0, 0, 547677, 0, 547677, 547677, NULL);
insert into factoring.factura (id_lote, id_moneda, id_persona_origen, id_persona_destino, id_documento, id_tipo_documento, id_estado, nro_factura, nro_timbrado, vto_timbrado, razon_social_comprador, ruc_comprador, direccion_comprador, telefono_comprador, razon_social_proveedor, ruc_proveedor, direccion_proveedor, telefono_proveedor, fecha, fecha_pago, dias_credito, monto_iva_5, monto_imponible_5, monto_total_5, monto_iva_10, monto_imponible_10, monto_total_10, monto_total_exento, monto_iva_total, monto_imponible_total, monto_total_factura, hash) values (NULL, 1, 200001, 200000, NULL, NULL, 1, '001-001-0000006', '123123123123', 'DICIEMBRE/2050', 'EL COMPRADOR II S.A.', '123456-7', NULL, NULL, 'EL PROVEEDOR II S.A.', '654321-7', NULL, NULL, '2021-10-28', '2021-11-22', 25, 0, 0, 0, 0, 0, 0, 6506218, 0, 6506218, 6506218, NULL);
insert into factoring.factura (id_lote, id_moneda, id_persona_origen, id_persona_destino, id_documento, id_tipo_documento, id_estado, nro_factura, nro_timbrado, vto_timbrado, razon_social_comprador, ruc_comprador, direccion_comprador, telefono_comprador, razon_social_proveedor, ruc_proveedor, direccion_proveedor, telefono_proveedor, fecha, fecha_pago, dias_credito, monto_iva_5, monto_imponible_5, monto_total_5, monto_iva_10, monto_imponible_10, monto_total_10, monto_total_exento, monto_iva_total, monto_imponible_total, monto_total_factura, hash) values (NULL, 1, 200001, 200000, NULL, NULL, 1, '001-001-0000007', '123123123123', 'DICIEMBRE/2050', 'EL COMPRADOR II S.A.', '123456-7', NULL, NULL, 'EL PROVEEDOR II S.A.', '654321-7', NULL, NULL, '2021-10-28', '2021-11-23', 26, 0, 0, 0, 0, 0, 0, 42431, 0, 42431, 42431, NULL);
insert into factoring.factura (id_lote, id_moneda, id_persona_origen, id_persona_destino, id_documento, id_tipo_documento, id_estado, nro_factura, nro_timbrado, vto_timbrado, razon_social_comprador, ruc_comprador, direccion_comprador, telefono_comprador, razon_social_proveedor, ruc_proveedor, direccion_proveedor, telefono_proveedor, fecha, fecha_pago, dias_credito, monto_iva_5, monto_imponible_5, monto_total_5, monto_iva_10, monto_imponible_10, monto_total_10, monto_total_exento, monto_iva_total, monto_imponible_total, monto_total_factura, hash) values (NULL, 1, 200001, 200000, NULL, NULL, 1, '001-001-0000008', '123123123123', 'DICIEMBRE/2050', 'EL COMPRADOR II S.A.', '123456-7', NULL, NULL, 'EL PROVEEDOR II S.A.', '654321-7', NULL, NULL, '2021-10-28', '2021-11-24', 27, 0, 0, 0, 0, 0, 0, 6097191, 0, 6097191, 6097191, NULL);
insert into factoring.factura (id_lote, id_moneda, id_persona_origen, id_persona_destino, id_documento, id_tipo_documento, id_estado, nro_factura, nro_timbrado, vto_timbrado, razon_social_comprador, ruc_comprador, direccion_comprador, telefono_comprador, razon_social_proveedor, ruc_proveedor, direccion_proveedor, telefono_proveedor, fecha, fecha_pago, dias_credito, monto_iva_5, monto_imponible_5, monto_total_5, monto_iva_10, monto_imponible_10, monto_total_10, monto_total_exento, monto_iva_total, monto_imponible_total, monto_total_factura, hash) values (NULL, 1, 200001, 200000, NULL, NULL, 1, '001-001-0000009', '123123123123', 'DICIEMBRE/2050', 'EL COMPRADOR II S.A.', '123456-7', NULL, NULL, 'EL PROVEEDOR II S.A.', '654321-7', NULL, NULL, '2021-10-28', '2021-11-25', 28, 0, 0, 0, 0, 0, 0, 72443857, 0, 72443857, 72443857, NULL);
insert into factoring.factura (id_lote, id_moneda, id_persona_origen, id_persona_destino, id_documento, id_tipo_documento, id_estado, nro_factura, nro_timbrado, vto_timbrado, razon_social_comprador, ruc_comprador, direccion_comprador, telefono_comprador, razon_social_proveedor, ruc_proveedor, direccion_proveedor, telefono_proveedor, fecha, fecha_pago, dias_credito, monto_iva_5, monto_imponible_5, monto_total_5, monto_iva_10, monto_imponible_10, monto_total_10, monto_total_exento, monto_iva_total, monto_imponible_total, monto_total_factura, hash) values (NULL, 1, 200001, 200000, NULL, NULL, 1, '001-001-0000010', '123123123123', 'DICIEMBRE/2050', 'EL COMPRADOR II S.A.', '123456-7', NULL, NULL, 'EL PROVEEDOR II S.A.', '654321-7', NULL, NULL, '2021-10-28', '2021-11-26', 29, 0, 0, 0, 0, 0, 0, 42970, 0, 42970, 42970, NULL);
insert into factoring.factura (id_lote, id_moneda, id_persona_origen, id_persona_destino, id_documento, id_tipo_documento, id_estado, nro_factura, nro_timbrado, vto_timbrado, razon_social_comprador, ruc_comprador, direccion_comprador, telefono_comprador, razon_social_proveedor, ruc_proveedor, direccion_proveedor, telefono_proveedor, fecha, fecha_pago, dias_credito, monto_iva_5, monto_imponible_5, monto_total_5, monto_iva_10, monto_imponible_10, monto_total_10, monto_total_exento, monto_iva_total, monto_imponible_total, monto_total_factura, hash) values (NULL, 1, 200001, 200000, NULL, NULL, 1, '001-001-0000011', '123123123123', 'DICIEMBRE/2050', 'EL COMPRADOR II S.A.', '123456-7', NULL, NULL, 'EL PROVEEDOR II S.A.', '654321-7', NULL, NULL, '2021-10-28', '2021-11-27', 30, 0, 0, 0, 0, 0, 0, 6551063, 0, 6551063, 6551063, NULL);
insert into factoring.factura (id_lote, id_moneda, id_persona_origen, id_persona_destino, id_documento, id_tipo_documento, id_estado, nro_factura, nro_timbrado, vto_timbrado, razon_social_comprador, ruc_comprador, direccion_comprador, telefono_comprador, razon_social_proveedor, ruc_proveedor, direccion_proveedor, telefono_proveedor, fecha, fecha_pago, dias_credito, monto_iva_5, monto_imponible_5, monto_total_5, monto_iva_10, monto_imponible_10, monto_total_10, monto_total_exento, monto_iva_total, monto_imponible_total, monto_total_factura, hash) values (NULL, 1, 200001, 200000, NULL, NULL, 1, '001-001-0000012', '123123123123', 'DICIEMBRE/2050', 'EL COMPRADOR II S.A.', '123456-7', NULL, NULL, 'EL PROVEEDOR II S.A.', '654321-7', NULL, NULL, '2021-10-28', '2021-11-28', 31, 0, 0, 0, 0, 0, 0, 47856, 0, 47856, 47856, NULL);
insert into factoring.factura (id_lote, id_moneda, id_persona_origen, id_persona_destino, id_documento, id_tipo_documento, id_estado, nro_factura, nro_timbrado, vto_timbrado, razon_social_comprador, ruc_comprador, direccion_comprador, telefono_comprador, razon_social_proveedor, ruc_proveedor, direccion_proveedor, telefono_proveedor, fecha, fecha_pago, dias_credito, monto_iva_5, monto_imponible_5, monto_total_5, monto_iva_10, monto_imponible_10, monto_total_10, monto_total_exento, monto_iva_total, monto_imponible_total, monto_total_factura, hash) values (NULL, 1, 200001, 200000, NULL, NULL, 1, '001-001-0000013', '123123123123', 'DICIEMBRE/2050', 'EL COMPRADOR II S.A.', '123456-7', NULL, NULL, 'EL PROVEEDOR II S.A.', '654321-7', NULL, NULL, '2021-10-28', '2021-11-29', 32, 0, 0, 0, 0, 0, 0, 6613428, 0, 6613428, 6613428, NULL);
insert into factoring.factura (id_lote, id_moneda, id_persona_origen, id_persona_destino, id_documento, id_tipo_documento, id_estado, nro_factura, nro_timbrado, vto_timbrado, razon_social_comprador, ruc_comprador, direccion_comprador, telefono_comprador, razon_social_proveedor, ruc_proveedor, direccion_proveedor, telefono_proveedor, fecha, fecha_pago, dias_credito, monto_iva_5, monto_imponible_5, monto_total_5, monto_iva_10, monto_imponible_10, monto_total_10, monto_total_exento, monto_iva_total, monto_imponible_total, monto_total_factura, hash) values (NULL, 1, 200001, 200000, NULL, NULL, 1, '001-001-0000014', '123123123123', 'DICIEMBRE/2050', 'EL COMPRADOR II S.A.', '123456-7', NULL, NULL, 'EL PROVEEDOR II S.A.', '654321-7', NULL, NULL, '2021-10-28', '2021-11-30', 33, 0, 0, 0, 0, 0, 0, 556757, 0, 556757, 556757, NULL);
insert into factoring.factura (id_lote, id_moneda, id_persona_origen, id_persona_destino, id_documento, id_tipo_documento, id_estado, nro_factura, nro_timbrado, vto_timbrado, razon_social_comprador, ruc_comprador, direccion_comprador, telefono_comprador, razon_social_proveedor, ruc_proveedor, direccion_proveedor, telefono_proveedor, fecha, fecha_pago, dias_credito, monto_iva_5, monto_imponible_5, monto_total_5, monto_iva_10, monto_imponible_10, monto_total_10, monto_total_exento, monto_iva_total, monto_imponible_total, monto_total_factura, hash) values (NULL, 1, 200001, 200000, NULL, NULL, 1, '001-001-0000015', '123123123123', 'DICIEMBRE/2050', 'EL COMPRADOR II S.A.', '123456-7', NULL, NULL, 'EL PROVEEDOR II S.A.', '654321-7', NULL, NULL, '2021-10-28', '2021-12-01', 34, 0, 0, 0, 0, 0, 0, 6329921, 0, 6329921, 6329921, NULL);
insert into factoring.factura (id_lote, id_moneda, id_persona_origen, id_persona_destino, id_documento, id_tipo_documento, id_estado, nro_factura, nro_timbrado, vto_timbrado, razon_social_comprador, ruc_comprador, direccion_comprador, telefono_comprador, razon_social_proveedor, ruc_proveedor, direccion_proveedor, telefono_proveedor, fecha, fecha_pago, dias_credito, monto_iva_5, monto_imponible_5, monto_total_5, monto_iva_10, monto_imponible_10, monto_total_10, monto_total_exento, monto_iva_total, monto_imponible_total, monto_total_factura, hash) values (NULL, 1, 200001, 200000, NULL, NULL, 1, '001-001-0000016', '123123123123', 'DICIEMBRE/2050', 'EL COMPRADOR II S.A.', '123456-7', NULL, NULL, 'EL PROVEEDOR II S.A.', '654321-7', NULL, NULL, '2021-10-28', '2021-12-02', 35, 0, 0, 0, 0, 0, 0, 72682571, 0, 72682571, 72682571, NULL);
insert into factoring.factura (id_lote, id_moneda, id_persona_origen, id_persona_destino, id_documento, id_tipo_documento, id_estado, nro_factura, nro_timbrado, vto_timbrado, razon_social_comprador, ruc_comprador, direccion_comprador, telefono_comprador, razon_social_proveedor, ruc_proveedor, direccion_proveedor, telefono_proveedor, fecha, fecha_pago, dias_credito, monto_iva_5, monto_imponible_5, monto_total_5, monto_iva_10, monto_imponible_10, monto_total_10, monto_total_exento, monto_iva_total, monto_imponible_total, monto_total_factura, hash) values (NULL, 1, 200001, 200000, NULL, NULL, 1, '001-001-0000017', '123123123123', 'DICIEMBRE/2050', 'EL COMPRADOR II S.A.', '123456-7', NULL, NULL, 'EL PROVEEDOR II S.A.', '654321-7', NULL, NULL, '2021-10-28', '2021-12-03', 36, 0, 0, 0, 0, 0, 0, 6854211, 0, 6854211, 6854211, NULL);
insert into factoring.factura (id_lote, id_moneda, id_persona_origen, id_persona_destino, id_documento, id_tipo_documento, id_estado, nro_factura, nro_timbrado, vto_timbrado, razon_social_comprador, ruc_comprador, direccion_comprador, telefono_comprador, razon_social_proveedor, ruc_proveedor, direccion_proveedor, telefono_proveedor, fecha, fecha_pago, dias_credito, monto_iva_5, monto_imponible_5, monto_total_5, monto_iva_10, monto_imponible_10, monto_total_10, monto_total_exento, monto_iva_total, monto_imponible_total, monto_total_factura, hash) values (NULL, 1, 200001, 200000, NULL, NULL, 1, '001-001-0000018', '123123123123', 'DICIEMBRE/2050', 'EL COMPRADOR II S.A.', '123456-7', NULL, NULL, 'EL PROVEEDOR II S.A.', '654321-7', NULL, NULL, '2021-10-28', '2021-12-04', 37, 0, 0, 0, 0, 0, 0, 71217575, 0, 71217575, 71217575, NULL);
insert into factoring.factura (id_lote, id_moneda, id_persona_origen, id_persona_destino, id_documento, id_tipo_documento, id_estado, nro_factura, nro_timbrado, vto_timbrado, razon_social_comprador, ruc_comprador, direccion_comprador, telefono_comprador, razon_social_proveedor, ruc_proveedor, direccion_proveedor, telefono_proveedor, fecha, fecha_pago, dias_credito, monto_iva_5, monto_imponible_5, monto_total_5, monto_iva_10, monto_imponible_10, monto_total_10, monto_total_exento, monto_iva_total, monto_imponible_total, monto_total_factura, hash) values (NULL, 1, 200001, 200000, NULL, NULL, 1, '001-001-0000019', '123123123123', 'DICIEMBRE/2050', 'EL COMPRADOR II S.A.', '123456-7', NULL, NULL, 'EL PROVEEDOR II S.A.', '654321-7', NULL, NULL, '2021-10-28', '2021-12-05', 38, 0, 0, 0, 0, 0, 0, 40650, 0, 40650, 40650, NULL);
insert into factoring.factura (id_lote, id_moneda, id_persona_origen, id_persona_destino, id_documento, id_tipo_documento, id_estado, nro_factura, nro_timbrado, vto_timbrado, razon_social_comprador, ruc_comprador, direccion_comprador, telefono_comprador, razon_social_proveedor, ruc_proveedor, direccion_proveedor, telefono_proveedor, fecha, fecha_pago, dias_credito, monto_iva_5, monto_imponible_5, monto_total_5, monto_iva_10, monto_imponible_10, monto_total_10, monto_total_exento, monto_iva_total, monto_imponible_total, monto_total_factura, hash) values (NULL, 1, 200001, 200000, NULL, NULL, 1, '001-001-0000020', '123123123123', 'DICIEMBRE/2050', 'EL COMPRADOR II S.A.', '123456-7', NULL, NULL, 'EL PROVEEDOR II S.A.', '654321-7', NULL, NULL, '2021-10-28', '2021-12-06', 39, 0, 0, 0, 0, 0, 0, 78155060, 0, 78155060, 78155060, NULL);
insert into factoring.factura (id_lote, id_moneda, id_persona_origen, id_persona_destino, id_documento, id_tipo_documento, id_estado, nro_factura, nro_timbrado, vto_timbrado, razon_social_comprador, ruc_comprador, direccion_comprador, telefono_comprador, razon_social_proveedor, ruc_proveedor, direccion_proveedor, telefono_proveedor, fecha, fecha_pago, dias_credito, monto_iva_5, monto_imponible_5, monto_total_5, monto_iva_10, monto_imponible_10, monto_total_10, monto_total_exento, monto_iva_total, monto_imponible_total, monto_total_factura, hash) values (NULL, 1, 200001, 200000, NULL, NULL, 1, '001-001-0000021', '123123123123', 'DICIEMBRE/2050', 'EL COMPRADOR II S.A.', '123456-7', NULL, NULL, 'EL PROVEEDOR II S.A.', '654321-7', NULL, NULL, '2021-10-28', '2021-12-07', 40, 0, 0, 0, 0, 0, 0, 45472, 0, 45472, 45472, NULL);
insert into factoring.factura (id_lote, id_moneda, id_persona_origen, id_persona_destino, id_documento, id_tipo_documento, id_estado, nro_factura, nro_timbrado, vto_timbrado, razon_social_comprador, ruc_comprador, direccion_comprador, telefono_comprador, razon_social_proveedor, ruc_proveedor, direccion_proveedor, telefono_proveedor, fecha, fecha_pago, dias_credito, monto_iva_5, monto_imponible_5, monto_total_5, monto_iva_10, monto_imponible_10, monto_total_10, monto_total_exento, monto_iva_total, monto_imponible_total, monto_total_factura, hash) values (NULL, 1, 200001, 200000, NULL, NULL, 1, '001-001-0000022', '123123123123', 'DICIEMBRE/2050', 'EL COMPRADOR II S.A.', '123456-7', NULL, NULL, 'EL PROVEEDOR II S.A.', '654321-7', NULL, NULL, '2021-10-28', '2021-12-08', 41, 0, 0, 0, 0, 0, 0, 534790, 0, 534790, 534790, NULL);
insert into factoring.factura (id_lote, id_moneda, id_persona_origen, id_persona_destino, id_documento, id_tipo_documento, id_estado, nro_factura, nro_timbrado, vto_timbrado, razon_social_comprador, ruc_comprador, direccion_comprador, telefono_comprador, razon_social_proveedor, ruc_proveedor, direccion_proveedor, telefono_proveedor, fecha, fecha_pago, dias_credito, monto_iva_5, monto_imponible_5, monto_total_5, monto_iva_10, monto_imponible_10, monto_total_10, monto_total_exento, monto_iva_total, monto_imponible_total, monto_total_factura, hash) values (NULL, 1, 200001, 200000, NULL, NULL, 1, '001-001-0000023', '123123123123', 'DICIEMBRE/2050', 'EL COMPRADOR II S.A.', '123456-7', NULL, NULL, 'EL PROVEEDOR II S.A.', '654321-7', NULL, NULL, '2021-10-28', '2021-12-09', 42, 0, 0, 0, 0, 0, 0, 509380, 0, 509380, 509380, NULL);
insert into factoring.factura (id_lote, id_moneda, id_persona_origen, id_persona_destino, id_documento, id_tipo_documento, id_estado, nro_factura, nro_timbrado, vto_timbrado, razon_social_comprador, ruc_comprador, direccion_comprador, telefono_comprador, razon_social_proveedor, ruc_proveedor, direccion_proveedor, telefono_proveedor, fecha, fecha_pago, dias_credito, monto_iva_5, monto_imponible_5, monto_total_5, monto_iva_10, monto_imponible_10, monto_total_10, monto_total_exento, monto_iva_total, monto_imponible_total, monto_total_factura, hash) values (NULL, 1, 200001, 200000, NULL, NULL, 1, '001-001-0000024', '123123123123', 'DICIEMBRE/2050', 'EL COMPRADOR II S.A.', '123456-7', NULL, NULL, 'EL PROVEEDOR II S.A.', '654321-7', NULL, NULL, '2021-10-28', '2021-12-10', 43, 0, 0, 0, 0, 0, 0, 6381308, 0, 6381308, 6381308, NULL);
insert into factoring.factura (id_lote, id_moneda, id_persona_origen, id_persona_destino, id_documento, id_tipo_documento, id_estado, nro_factura, nro_timbrado, vto_timbrado, razon_social_comprador, ruc_comprador, direccion_comprador, telefono_comprador, razon_social_proveedor, ruc_proveedor, direccion_proveedor, telefono_proveedor, fecha, fecha_pago, dias_credito, monto_iva_5, monto_imponible_5, monto_total_5, monto_iva_10, monto_imponible_10, monto_total_10, monto_total_exento, monto_iva_total, monto_imponible_total, monto_total_factura, hash) values (NULL, 1, 200001, 200000, NULL, NULL, 1, '001-001-0000025', '123123123123', 'DICIEMBRE/2050', 'EL COMPRADOR II S.A.', '123456-7', NULL, NULL, 'EL PROVEEDOR II S.A.', '654321-7', NULL, NULL, '2021-10-28', '2021-12-11', 44, 0, 0, 0, 0, 0, 0, 77920822, 0, 77920822, 77920822, NULL);
insert into factoring.factura (id_lote, id_moneda, id_persona_origen, id_persona_destino, id_documento, id_tipo_documento, id_estado, nro_factura, nro_timbrado, vto_timbrado, razon_social_comprador, ruc_comprador, direccion_comprador, telefono_comprador, razon_social_proveedor, ruc_proveedor, direccion_proveedor, telefono_proveedor, fecha, fecha_pago, dias_credito, monto_iva_5, monto_imponible_5, monto_total_5, monto_iva_10, monto_imponible_10, monto_total_10, monto_total_exento, monto_iva_total, monto_imponible_total, monto_total_factura, hash) values (NULL, 1, 200001, 200000, NULL, NULL, 1, '001-001-0000026', '123123123123', 'DICIEMBRE/2050', 'EL COMPRADOR II S.A.', '123456-7', NULL, NULL, 'EL PROVEEDOR II S.A.', '654321-7', NULL, NULL, '2021-10-28', '2021-12-12', 45, 0, 0, 0, 0, 0, 0, 6886619, 0, 6886619, 6886619, NULL);
insert into factoring.factura (id_lote, id_moneda, id_persona_origen, id_persona_destino, id_documento, id_tipo_documento, id_estado, nro_factura, nro_timbrado, vto_timbrado, razon_social_comprador, ruc_comprador, direccion_comprador, telefono_comprador, razon_social_proveedor, ruc_proveedor, direccion_proveedor, telefono_proveedor, fecha, fecha_pago, dias_credito, monto_iva_5, monto_imponible_5, monto_total_5, monto_iva_10, monto_imponible_10, monto_total_10, monto_total_exento, monto_iva_total, monto_imponible_total, monto_total_factura, hash) values (NULL, 1, 200001, 200000, NULL, NULL, 1, '001-001-0000027', '123123123123', 'DICIEMBRE/2050', 'EL COMPRADOR II S.A.', '123456-7', NULL, NULL, 'EL PROVEEDOR II S.A.', '654321-7', NULL, NULL, '2021-10-28', '2021-12-13', 46, 0, 0, 0, 0, 0, 0, 6329197, 0, 6329197, 6329197, NULL);
insert into factoring.factura (id_lote, id_moneda, id_persona_origen, id_persona_destino, id_documento, id_tipo_documento, id_estado, nro_factura, nro_timbrado, vto_timbrado, razon_social_comprador, ruc_comprador, direccion_comprador, telefono_comprador, razon_social_proveedor, ruc_proveedor, direccion_proveedor, telefono_proveedor, fecha, fecha_pago, dias_credito, monto_iva_5, monto_imponible_5, monto_total_5, monto_iva_10, monto_imponible_10, monto_total_10, monto_total_exento, monto_iva_total, monto_imponible_total, monto_total_factura, hash) values (NULL, 1, 200001, 200000, NULL, NULL, 1, '001-001-0000028', '123123123123', 'DICIEMBRE/2050', 'EL COMPRADOR II S.A.', '123456-7', NULL, NULL, 'EL PROVEEDOR II S.A.', '654321-7', NULL, NULL, '2021-10-28', '2021-12-14', 47, 0, 0, 0, 0, 0, 0, 43848, 0, 43848, 43848, NULL);
insert into factoring.factura (id_lote, id_moneda, id_persona_origen, id_persona_destino, id_documento, id_tipo_documento, id_estado, nro_factura, nro_timbrado, vto_timbrado, razon_social_comprador, ruc_comprador, direccion_comprador, telefono_comprador, razon_social_proveedor, ruc_proveedor, direccion_proveedor, telefono_proveedor, fecha, fecha_pago, dias_credito, monto_iva_5, monto_imponible_5, monto_total_5, monto_iva_10, monto_imponible_10, monto_total_10, monto_total_exento, monto_iva_total, monto_imponible_total, monto_total_factura, hash) values (NULL, 1, 200001, 200000, NULL, NULL, 1, '001-001-0000029', '123123123123', 'DICIEMBRE/2050', 'EL COMPRADOR II S.A.', '123456-7', NULL, NULL, 'EL PROVEEDOR II S.A.', '654321-7', NULL, NULL, '2021-10-28', '2021-12-15', 48, 0, 0, 0, 0, 0, 0, 6845176, 0, 6845176, 6845176, NULL);
insert into factoring.factura (id_lote, id_moneda, id_persona_origen, id_persona_destino, id_documento, id_tipo_documento, id_estado, nro_factura, nro_timbrado, vto_timbrado, razon_social_comprador, ruc_comprador, direccion_comprador, telefono_comprador, razon_social_proveedor, ruc_proveedor, direccion_proveedor, telefono_proveedor, fecha, fecha_pago, dias_credito, monto_iva_5, monto_imponible_5, monto_total_5, monto_iva_10, monto_imponible_10, monto_total_10, monto_total_exento, monto_iva_total, monto_imponible_total, monto_total_factura, hash) values (NULL, 1, 200001, 200000, NULL, NULL, 1, '001-001-0000030', '123123123123', 'DICIEMBRE/2050', 'EL COMPRADOR II S.A.', '123456-7', NULL, NULL, 'EL PROVEEDOR II S.A.', '654321-7', NULL, NULL, '2021-10-28', '2021-12-16', 49, 0, 0, 0, 0, 0, 0, 583587, 0, 583587, 583587, NULL);
insert into factoring.factura (id_lote, id_moneda, id_persona_origen, id_persona_destino, id_documento, id_tipo_documento, id_estado, nro_factura, nro_timbrado, vto_timbrado, razon_social_comprador, ruc_comprador, direccion_comprador, telefono_comprador, razon_social_proveedor, ruc_proveedor, direccion_proveedor, telefono_proveedor, fecha, fecha_pago, dias_credito, monto_iva_5, monto_imponible_5, monto_total_5, monto_iva_10, monto_imponible_10, monto_total_10, monto_total_exento, monto_iva_total, monto_imponible_total, monto_total_factura, hash) values (NULL, 1, 200001, 200000, NULL, NULL, 1, '001-001-0000031', '123123123123', 'DICIEMBRE/2050', 'EL COMPRADOR II S.A.', '123456-7', NULL, NULL, 'EL PROVEEDOR II S.A.', '654321-7', NULL, NULL, '2021-10-28', '2021-12-17', 50, 0, 0, 0, 0, 0, 0, 6357848, 0, 6357848, 6357848, NULL);
insert into factoring.factura (id_lote, id_moneda, id_persona_origen, id_persona_destino, id_documento, id_tipo_documento, id_estado, nro_factura, nro_timbrado, vto_timbrado, razon_social_comprador, ruc_comprador, direccion_comprador, telefono_comprador, razon_social_proveedor, ruc_proveedor, direccion_proveedor, telefono_proveedor, fecha, fecha_pago, dias_credito, monto_iva_5, monto_imponible_5, monto_total_5, monto_iva_10, monto_imponible_10, monto_total_10, monto_total_exento, monto_iva_total, monto_imponible_total, monto_total_factura, hash) values (NULL, 1, 200001, 200000, NULL, NULL, 1, '001-001-0000032', '123123123123', 'DICIEMBRE/2050', 'EL COMPRADOR II S.A.', '123456-7', NULL, NULL, 'EL PROVEEDOR II S.A.', '654321-7', NULL, NULL, '2021-10-28', '2021-12-18', 51, 0, 0, 0, 0, 0, 0, 6412257, 0, 6412257, 6412257, NULL);
insert into factoring.factura (id_lote, id_moneda, id_persona_origen, id_persona_destino, id_documento, id_tipo_documento, id_estado, nro_factura, nro_timbrado, vto_timbrado, razon_social_comprador, ruc_comprador, direccion_comprador, telefono_comprador, razon_social_proveedor, ruc_proveedor, direccion_proveedor, telefono_proveedor, fecha, fecha_pago, dias_credito, monto_iva_5, monto_imponible_5, monto_total_5, monto_iva_10, monto_imponible_10, monto_total_10, monto_total_exento, monto_iva_total, monto_imponible_total, monto_total_factura, hash) values (NULL, 1, 200001, 200000, NULL, NULL, 1, '001-001-0000033', '123123123123', 'DICIEMBRE/2050', 'EL COMPRADOR II S.A.', '123456-7', NULL, NULL, 'EL PROVEEDOR II S.A.', '654321-7', NULL, NULL, '2021-10-28', '2021-12-19', 52, 0, 0, 0, 0, 0, 0, 6042113, 0, 6042113, 6042113, NULL);
insert into factoring.factura (id_lote, id_moneda, id_persona_origen, id_persona_destino, id_documento, id_tipo_documento, id_estado, nro_factura, nro_timbrado, vto_timbrado, razon_social_comprador, ruc_comprador, direccion_comprador, telefono_comprador, razon_social_proveedor, ruc_proveedor, direccion_proveedor, telefono_proveedor, fecha, fecha_pago, dias_credito, monto_iva_5, monto_imponible_5, monto_total_5, monto_iva_10, monto_imponible_10, monto_total_10, monto_total_exento, monto_iva_total, monto_imponible_total, monto_total_factura, hash) values (NULL, 1, 200001, 200000, NULL, NULL, 1, '001-001-0000034', '123123123123', 'DICIEMBRE/2050', 'EL COMPRADOR II S.A.', '123456-7', NULL, NULL, 'EL PROVEEDOR II S.A.', '654321-7', NULL, NULL, '2021-10-28', '2021-12-20', 53, 0, 0, 0, 0, 0, 0, 40687, 0, 40687, 40687, NULL);
insert into factoring.factura (id_lote, id_moneda, id_persona_origen, id_persona_destino, id_documento, id_tipo_documento, id_estado, nro_factura, nro_timbrado, vto_timbrado, razon_social_comprador, ruc_comprador, direccion_comprador, telefono_comprador, razon_social_proveedor, ruc_proveedor, direccion_proveedor, telefono_proveedor, fecha, fecha_pago, dias_credito, monto_iva_5, monto_imponible_5, monto_total_5, monto_iva_10, monto_imponible_10, monto_total_10, monto_total_exento, monto_iva_total, monto_imponible_total, monto_total_factura, hash) values (NULL, 1, 200001, 200000, NULL, NULL, 1, '001-001-0000035', '123123123123', 'DICIEMBRE/2050', 'EL COMPRADOR II S.A.', '123456-7', NULL, NULL, 'EL PROVEEDOR II S.A.', '654321-7', NULL, NULL, '2021-10-28', '2021-12-21', 54, 0, 0, 0, 0, 0, 0, 6573575, 0, 6573575, 6573575, NULL);
insert into factoring.factura (id_lote, id_moneda, id_persona_origen, id_persona_destino, id_documento, id_tipo_documento, id_estado, nro_factura, nro_timbrado, vto_timbrado, razon_social_comprador, ruc_comprador, direccion_comprador, telefono_comprador, razon_social_proveedor, ruc_proveedor, direccion_proveedor, telefono_proveedor, fecha, fecha_pago, dias_credito, monto_iva_5, monto_imponible_5, monto_total_5, monto_iva_10, monto_imponible_10, monto_total_10, monto_total_exento, monto_iva_total, monto_imponible_total, monto_total_factura, hash) values (NULL, 1, 200001, 200000, NULL, NULL, 1, '001-001-0000036', '123123123123', 'DICIEMBRE/2050', 'EL COMPRADOR II S.A.', '123456-7', NULL, NULL, 'EL PROVEEDOR II S.A.', '654321-7', NULL, NULL, '2021-10-28', '2021-12-22', 55, 0, 0, 0, 0, 0, 0, 71234267, 0, 71234267, 71234267, NULL);
insert into factoring.factura (id_lote, id_moneda, id_persona_origen, id_persona_destino, id_documento, id_tipo_documento, id_estado, nro_factura, nro_timbrado, vto_timbrado, razon_social_comprador, ruc_comprador, direccion_comprador, telefono_comprador, razon_social_proveedor, ruc_proveedor, direccion_proveedor, telefono_proveedor, fecha, fecha_pago, dias_credito, monto_iva_5, monto_imponible_5, monto_total_5, monto_iva_10, monto_imponible_10, monto_total_10, monto_total_exento, monto_iva_total, monto_imponible_total, monto_total_factura, hash) values (NULL, 1, 200001, 200000, NULL, NULL, 1, '001-001-0000037', '123123123123', 'DICIEMBRE/2050', 'EL COMPRADOR II S.A.', '123456-7', NULL, NULL, 'EL PROVEEDOR II S.A.', '654321-7', NULL, NULL, '2021-10-28', '2021-12-23', 56, 0, 0, 0, 0, 0, 0, 506381, 0, 506381, 506381, NULL);
insert into factoring.factura (id_lote, id_moneda, id_persona_origen, id_persona_destino, id_documento, id_tipo_documento, id_estado, nro_factura, nro_timbrado, vto_timbrado, razon_social_comprador, ruc_comprador, direccion_comprador, telefono_comprador, razon_social_proveedor, ruc_proveedor, direccion_proveedor, telefono_proveedor, fecha, fecha_pago, dias_credito, monto_iva_5, monto_imponible_5, monto_total_5, monto_iva_10, monto_imponible_10, monto_total_10, monto_total_exento, monto_iva_total, monto_imponible_total, monto_total_factura, hash) values (NULL, 1, 200001, 200000, NULL, NULL, 1, '001-001-0000038', '123123123123', 'DICIEMBRE/2050', 'EL COMPRADOR II S.A.', '123456-7', NULL, NULL, 'EL PROVEEDOR II S.A.', '654321-7', NULL, NULL, '2021-10-28', '2021-12-24', 57, 0, 0, 0, 0, 0, 0, 49281, 0, 49281, 49281, NULL);
insert into factoring.factura (id_lote, id_moneda, id_persona_origen, id_persona_destino, id_documento, id_tipo_documento, id_estado, nro_factura, nro_timbrado, vto_timbrado, razon_social_comprador, ruc_comprador, direccion_comprador, telefono_comprador, razon_social_proveedor, ruc_proveedor, direccion_proveedor, telefono_proveedor, fecha, fecha_pago, dias_credito, monto_iva_5, monto_imponible_5, monto_total_5, monto_iva_10, monto_imponible_10, monto_total_10, monto_total_exento, monto_iva_total, monto_imponible_total, monto_total_factura, hash) values (NULL, 1, 200001, 200000, NULL, NULL, 1, '001-001-0000039', '123123123123', 'DICIEMBRE/2050', 'EL COMPRADOR II S.A.', '123456-7', NULL, NULL, 'EL PROVEEDOR II S.A.', '654321-7', NULL, NULL, '2021-10-28', '2021-12-25', 58, 0, 0, 0, 0, 0, 0, 506098, 0, 506098, 506098, NULL);
insert into factoring.factura (id_lote, id_moneda, id_persona_origen, id_persona_destino, id_documento, id_tipo_documento, id_estado, nro_factura, nro_timbrado, vto_timbrado, razon_social_comprador, ruc_comprador, direccion_comprador, telefono_comprador, razon_social_proveedor, ruc_proveedor, direccion_proveedor, telefono_proveedor, fecha, fecha_pago, dias_credito, monto_iva_5, monto_imponible_5, monto_total_5, monto_iva_10, monto_imponible_10, monto_total_10, monto_total_exento, monto_iva_total, monto_imponible_total, monto_total_factura, hash) values (NULL, 1, 200001, 200000, NULL, NULL, 1, '001-001-0000040', '123123123123', 'DICIEMBRE/2050', 'EL COMPRADOR II S.A.', '123456-7', NULL, NULL, 'EL PROVEEDOR II S.A.', '654321-7', NULL, NULL, '2021-10-28', '2021-12-26', 59, 0, 0, 0, 0, 0, 0, 76632208, 0, 76632208, 76632208, NULL);
insert into factoring.factura (id_lote, id_moneda, id_persona_origen, id_persona_destino, id_documento, id_tipo_documento, id_estado, nro_factura, nro_timbrado, vto_timbrado, razon_social_comprador, ruc_comprador, direccion_comprador, telefono_comprador, razon_social_proveedor, ruc_proveedor, direccion_proveedor, telefono_proveedor, fecha, fecha_pago, dias_credito, monto_iva_5, monto_imponible_5, monto_total_5, monto_iva_10, monto_imponible_10, monto_total_10, monto_total_exento, monto_iva_total, monto_imponible_total, monto_total_factura, hash) values (NULL, 1, 200001, 200000, NULL, NULL, 1, '001-001-0000041', '123123123123', 'DICIEMBRE/2050', 'EL COMPRADOR II S.A.', '123456-7', NULL, NULL, 'EL PROVEEDOR II S.A.', '654321-7', NULL, NULL, '2021-10-28', '2021-12-27', 60, 0, 0, 0, 0, 0, 0, 592882, 0, 592882, 592882, NULL);
insert into factoring.factura (id_lote, id_moneda, id_persona_origen, id_persona_destino, id_documento, id_tipo_documento, id_estado, nro_factura, nro_timbrado, vto_timbrado, razon_social_comprador, ruc_comprador, direccion_comprador, telefono_comprador, razon_social_proveedor, ruc_proveedor, direccion_proveedor, telefono_proveedor, fecha, fecha_pago, dias_credito, monto_iva_5, monto_imponible_5, monto_total_5, monto_iva_10, monto_imponible_10, monto_total_10, monto_total_exento, monto_iva_total, monto_imponible_total, monto_total_factura, hash) values (NULL, 1, 200001, 200000, NULL, NULL, 1, '001-001-0000042', '123123123123', 'DICIEMBRE/2050', 'EL COMPRADOR II S.A.', '123456-7', NULL, NULL, 'EL PROVEEDOR II S.A.', '654321-7', NULL, NULL, '2021-10-28', '2021-12-28', 61, 0, 0, 0, 0, 0, 0, 6916612, 0, 6916612, 6916612, NULL);
insert into factoring.factura (id_lote, id_moneda, id_persona_origen, id_persona_destino, id_documento, id_tipo_documento, id_estado, nro_factura, nro_timbrado, vto_timbrado, razon_social_comprador, ruc_comprador, direccion_comprador, telefono_comprador, razon_social_proveedor, ruc_proveedor, direccion_proveedor, telefono_proveedor, fecha, fecha_pago, dias_credito, monto_iva_5, monto_imponible_5, monto_total_5, monto_iva_10, monto_imponible_10, monto_total_10, monto_total_exento, monto_iva_total, monto_imponible_total, monto_total_factura, hash) values (NULL, 1, 200001, 200000, NULL, NULL, 1, '001-001-0000043', '123123123123', 'DICIEMBRE/2050', 'EL COMPRADOR II S.A.', '123456-7', NULL, NULL, 'EL PROVEEDOR II S.A.', '654321-7', NULL, NULL, '2021-10-28', '2021-12-29', 62, 0, 0, 0, 0, 0, 0, 6479737, 0, 6479737, 6479737, NULL);
insert into factoring.factura (id_lote, id_moneda, id_persona_origen, id_persona_destino, id_documento, id_tipo_documento, id_estado, nro_factura, nro_timbrado, vto_timbrado, razon_social_comprador, ruc_comprador, direccion_comprador, telefono_comprador, razon_social_proveedor, ruc_proveedor, direccion_proveedor, telefono_proveedor, fecha, fecha_pago, dias_credito, monto_iva_5, monto_imponible_5, monto_total_5, monto_iva_10, monto_imponible_10, monto_total_10, monto_total_exento, monto_iva_total, monto_imponible_total, monto_total_factura, hash) values (NULL, 1, 200001, 200000, NULL, NULL, 1, '001-001-0000044', '123123123123', 'DICIEMBRE/2050', 'EL COMPRADOR II S.A.', '123456-7', NULL, NULL, 'EL PROVEEDOR II S.A.', '654321-7', NULL, NULL, '2021-10-28', '2021-12-30', 63, 0, 0, 0, 0, 0, 0, 6667939, 0, 6667939, 6667939, NULL);
insert into factoring.factura (id_lote, id_moneda, id_persona_origen, id_persona_destino, id_documento, id_tipo_documento, id_estado, nro_factura, nro_timbrado, vto_timbrado, razon_social_comprador, ruc_comprador, direccion_comprador, telefono_comprador, razon_social_proveedor, ruc_proveedor, direccion_proveedor, telefono_proveedor, fecha, fecha_pago, dias_credito, monto_iva_5, monto_imponible_5, monto_total_5, monto_iva_10, monto_imponible_10, monto_total_10, monto_total_exento, monto_iva_total, monto_imponible_total, monto_total_factura, hash) values (NULL, 1, 200001, 200000, NULL, NULL, 1, '001-001-0000045', '123123123123', 'DICIEMBRE/2050', 'EL COMPRADOR II S.A.', '123456-7', NULL, NULL, 'EL PROVEEDOR II S.A.', '654321-7', NULL, NULL, '2021-10-28', '2021-12-31', 64, 0, 0, 0, 0, 0, 0, 45345, 0, 45345, 45345, NULL);
insert into factoring.factura (id_lote, id_moneda, id_persona_origen, id_persona_destino, id_documento, id_tipo_documento, id_estado, nro_factura, nro_timbrado, vto_timbrado, razon_social_comprador, ruc_comprador, direccion_comprador, telefono_comprador, razon_social_proveedor, ruc_proveedor, direccion_proveedor, telefono_proveedor, fecha, fecha_pago, dias_credito, monto_iva_5, monto_imponible_5, monto_total_5, monto_iva_10, monto_imponible_10, monto_total_10, monto_total_exento, monto_iva_total, monto_imponible_total, monto_total_factura, hash) values (NULL, 1, 200001, 200000, NULL, NULL, 1, '001-001-0000046', '123123123123', 'DICIEMBRE/2050', 'EL COMPRADOR II S.A.', '123456-7', NULL, NULL, 'EL PROVEEDOR II S.A.', '654321-7', NULL, NULL, '2021-10-28', '2022-01-01', 65, 0, 0, 0, 0, 0, 0, 6304090, 0, 6304090, 6304090, NULL);
insert into factoring.factura (id_lote, id_moneda, id_persona_origen, id_persona_destino, id_documento, id_tipo_documento, id_estado, nro_factura, nro_timbrado, vto_timbrado, razon_social_comprador, ruc_comprador, direccion_comprador, telefono_comprador, razon_social_proveedor, ruc_proveedor, direccion_proveedor, telefono_proveedor, fecha, fecha_pago, dias_credito, monto_iva_5, monto_imponible_5, monto_total_5, monto_iva_10, monto_imponible_10, monto_total_10, monto_total_exento, monto_iva_total, monto_imponible_total, monto_total_factura, hash) values (NULL, 1, 200001, 200000, NULL, NULL, 1, '001-001-0000047', '123123123123', 'DICIEMBRE/2050', 'EL COMPRADOR II S.A.', '123456-7', NULL, NULL, 'EL PROVEEDOR II S.A.', '654321-7', NULL, NULL, '2021-10-28', '2022-01-02', 66, 0, 0, 0, 0, 0, 0, 595044, 0, 595044, 595044, NULL);
insert into factoring.factura (id_lote, id_moneda, id_persona_origen, id_persona_destino, id_documento, id_tipo_documento, id_estado, nro_factura, nro_timbrado, vto_timbrado, razon_social_comprador, ruc_comprador, direccion_comprador, telefono_comprador, razon_social_proveedor, ruc_proveedor, direccion_proveedor, telefono_proveedor, fecha, fecha_pago, dias_credito, monto_iva_5, monto_imponible_5, monto_total_5, monto_iva_10, monto_imponible_10, monto_total_10, monto_total_exento, monto_iva_total, monto_imponible_total, monto_total_factura, hash) values (NULL, 1, 200001, 200000, NULL, NULL, 1, '001-001-0000048', '123123123123', 'DICIEMBRE/2050', 'EL COMPRADOR II S.A.', '123456-7', NULL, NULL, 'EL PROVEEDOR II S.A.', '654321-7', NULL, NULL, '2021-10-28', '2022-01-03', 67, 0, 0, 0, 0, 0, 0, 6414122, 0, 6414122, 6414122, NULL);
insert into factoring.factura (id_lote, id_moneda, id_persona_origen, id_persona_destino, id_documento, id_tipo_documento, id_estado, nro_factura, nro_timbrado, vto_timbrado, razon_social_comprador, ruc_comprador, direccion_comprador, telefono_comprador, razon_social_proveedor, ruc_proveedor, direccion_proveedor, telefono_proveedor, fecha, fecha_pago, dias_credito, monto_iva_5, monto_imponible_5, monto_total_5, monto_iva_10, monto_imponible_10, monto_total_10, monto_total_exento, monto_iva_total, monto_imponible_total, monto_total_factura, hash) values (NULL, 1, 200001, 200000, NULL, NULL, 1, '001-001-0000049', '123123123123', 'DICIEMBRE/2050', 'EL COMPRADOR II S.A.', '123456-7', NULL, NULL, 'EL PROVEEDOR II S.A.', '654321-7', NULL, NULL, '2021-10-28', '2022-01-04', 68, 0, 0, 0, 0, 0, 0, 597114, 0, 597114, 597114, NULL);
insert into factoring.factura (id_lote, id_moneda, id_persona_origen, id_persona_destino, id_documento, id_tipo_documento, id_estado, nro_factura, nro_timbrado, vto_timbrado, razon_social_comprador, ruc_comprador, direccion_comprador, telefono_comprador, razon_social_proveedor, ruc_proveedor, direccion_proveedor, telefono_proveedor, fecha, fecha_pago, dias_credito, monto_iva_5, monto_imponible_5, monto_total_5, monto_iva_10, monto_imponible_10, monto_total_10, monto_total_exento, monto_iva_total, monto_imponible_total, monto_total_factura, hash) values (NULL, 1, 200001, 200000, NULL, NULL, 1, '001-001-0000050', '123123123123', 'DICIEMBRE/2050', 'EL COMPRADOR II S.A.', '123456-7', NULL, NULL, 'EL PROVEEDOR II S.A.', '654321-7', NULL, NULL, '2021-10-28', '2022-01-05', 69, 0, 0, 0, 0, 0, 0, 594197, 0, 594197, 594197, NULL);
insert into factoring.factura (id_lote, id_moneda, id_persona_origen, id_persona_destino, id_documento, id_tipo_documento, id_estado, nro_factura, nro_timbrado, vto_timbrado, razon_social_comprador, ruc_comprador, direccion_comprador, telefono_comprador, razon_social_proveedor, ruc_proveedor, direccion_proveedor, telefono_proveedor, fecha, fecha_pago, dias_credito, monto_iva_5, monto_imponible_5, monto_total_5, monto_iva_10, monto_imponible_10, monto_total_10, monto_total_exento, monto_iva_total, monto_imponible_total, monto_total_factura, hash) values (NULL, 1, 200001, 200000, NULL, NULL, 1, '001-001-0000051', '123123123123', 'DICIEMBRE/2050', 'EL COMPRADOR II S.A.', '123456-7', NULL, NULL, 'EL PROVEEDOR II S.A.', '654321-7', NULL, NULL, '2021-10-28', '2022-01-06', 70, 0, 0, 0, 0, 0, 0, 6922859, 0, 6922859, 6922859, NULL);
insert into factoring.factura (id_lote, id_moneda, id_persona_origen, id_persona_destino, id_documento, id_tipo_documento, id_estado, nro_factura, nro_timbrado, vto_timbrado, razon_social_comprador, ruc_comprador, direccion_comprador, telefono_comprador, razon_social_proveedor, ruc_proveedor, direccion_proveedor, telefono_proveedor, fecha, fecha_pago, dias_credito, monto_iva_5, monto_imponible_5, monto_total_5, monto_iva_10, monto_imponible_10, monto_total_10, monto_total_exento, monto_iva_total, monto_imponible_total, monto_total_factura, hash) values (NULL, 1, 200001, 200000, NULL, NULL, 1, '001-001-0000052', '123123123123', 'DICIEMBRE/2050', 'EL COMPRADOR II S.A.', '123456-7', NULL, NULL, 'EL PROVEEDOR II S.A.', '654321-7', NULL, NULL, '2021-10-28', '2022-01-07', 71, 0, 0, 0, 0, 0, 0, 527799, 0, 527799, 527799, NULL);
insert into factoring.factura (id_lote, id_moneda, id_persona_origen, id_persona_destino, id_documento, id_tipo_documento, id_estado, nro_factura, nro_timbrado, vto_timbrado, razon_social_comprador, ruc_comprador, direccion_comprador, telefono_comprador, razon_social_proveedor, ruc_proveedor, direccion_proveedor, telefono_proveedor, fecha, fecha_pago, dias_credito, monto_iva_5, monto_imponible_5, monto_total_5, monto_iva_10, monto_imponible_10, monto_total_10, monto_total_exento, monto_iva_total, monto_imponible_total, monto_total_factura, hash) values (NULL, 1, 200001, 200000, NULL, NULL, 1, '001-001-0000053', '123123123123', 'DICIEMBRE/2050', 'EL COMPRADOR II S.A.', '123456-7', NULL, NULL, 'EL PROVEEDOR II S.A.', '654321-7', NULL, NULL, '2021-10-28', '2022-01-08', 72, 0, 0, 0, 0, 0, 0, 72005094, 0, 72005094, 72005094, NULL);
insert into factoring.factura (id_lote, id_moneda, id_persona_origen, id_persona_destino, id_documento, id_tipo_documento, id_estado, nro_factura, nro_timbrado, vto_timbrado, razon_social_comprador, ruc_comprador, direccion_comprador, telefono_comprador, razon_social_proveedor, ruc_proveedor, direccion_proveedor, telefono_proveedor, fecha, fecha_pago, dias_credito, monto_iva_5, monto_imponible_5, monto_total_5, monto_iva_10, monto_imponible_10, monto_total_10, monto_total_exento, monto_iva_total, monto_imponible_total, monto_total_factura, hash) values (NULL, 1, 200001, 200000, NULL, NULL, 1, '001-001-0000054', '123123123123', 'DICIEMBRE/2050', 'EL COMPRADOR II S.A.', '123456-7', NULL, NULL, 'EL PROVEEDOR II S.A.', '654321-7', NULL, NULL, '2021-10-28', '2022-01-09', 73, 0, 0, 0, 0, 0, 0, 71110944, 0, 71110944, 71110944, NULL);
insert into factoring.factura (id_lote, id_moneda, id_persona_origen, id_persona_destino, id_documento, id_tipo_documento, id_estado, nro_factura, nro_timbrado, vto_timbrado, razon_social_comprador, ruc_comprador, direccion_comprador, telefono_comprador, razon_social_proveedor, ruc_proveedor, direccion_proveedor, telefono_proveedor, fecha, fecha_pago, dias_credito, monto_iva_5, monto_imponible_5, monto_total_5, monto_iva_10, monto_imponible_10, monto_total_10, monto_total_exento, monto_iva_total, monto_imponible_total, monto_total_factura, hash) values (NULL, 1, 200001, 200000, NULL, NULL, 1, '001-001-0000055', '123123123123', 'DICIEMBRE/2050', 'EL COMPRADOR II S.A.', '123456-7', NULL, NULL, 'EL PROVEEDOR II S.A.', '654321-7', NULL, NULL, '2021-10-28', '2022-01-10', 74, 0, 0, 0, 0, 0, 0, 40573, 0, 40573, 40573, NULL);
insert into factoring.factura (id_lote, id_moneda, id_persona_origen, id_persona_destino, id_documento, id_tipo_documento, id_estado, nro_factura, nro_timbrado, vto_timbrado, razon_social_comprador, ruc_comprador, direccion_comprador, telefono_comprador, razon_social_proveedor, ruc_proveedor, direccion_proveedor, telefono_proveedor, fecha, fecha_pago, dias_credito, monto_iva_5, monto_imponible_5, monto_total_5, monto_iva_10, monto_imponible_10, monto_total_10, monto_total_exento, monto_iva_total, monto_imponible_total, monto_total_factura, hash) values (NULL, 1, 200001, 200000, NULL, NULL, 1, '001-001-0000056', '123123123123', 'DICIEMBRE/2050', 'EL COMPRADOR II S.A.', '123456-7', NULL, NULL, 'EL PROVEEDOR II S.A.', '654321-7', NULL, NULL, '2021-10-28', '2022-01-11', 75, 0, 0, 0, 0, 0, 0, 73992571, 0, 73992571, 73992571, NULL);
insert into factoring.factura (id_lote, id_moneda, id_persona_origen, id_persona_destino, id_documento, id_tipo_documento, id_estado, nro_factura, nro_timbrado, vto_timbrado, razon_social_comprador, ruc_comprador, direccion_comprador, telefono_comprador, razon_social_proveedor, ruc_proveedor, direccion_proveedor, telefono_proveedor, fecha, fecha_pago, dias_credito, monto_iva_5, monto_imponible_5, monto_total_5, monto_iva_10, monto_imponible_10, monto_total_10, monto_total_exento, monto_iva_total, monto_imponible_total, monto_total_factura, hash) values (NULL, 1, 200001, 200000, NULL, NULL, 1, '001-001-0000057', '123123123123', 'DICIEMBRE/2050', 'EL COMPRADOR II S.A.', '123456-7', NULL, NULL, 'EL PROVEEDOR II S.A.', '654321-7', NULL, NULL, '2021-10-28', '2022-01-12', 76, 0, 0, 0, 0, 0, 0, 79479999, 0, 79479999, 79479999, NULL);
insert into factoring.factura (id_lote, id_moneda, id_persona_origen, id_persona_destino, id_documento, id_tipo_documento, id_estado, nro_factura, nro_timbrado, vto_timbrado, razon_social_comprador, ruc_comprador, direccion_comprador, telefono_comprador, razon_social_proveedor, ruc_proveedor, direccion_proveedor, telefono_proveedor, fecha, fecha_pago, dias_credito, monto_iva_5, monto_imponible_5, monto_total_5, monto_iva_10, monto_imponible_10, monto_total_10, monto_total_exento, monto_iva_total, monto_imponible_total, monto_total_factura, hash) values (NULL, 1, 200001, 200000, NULL, NULL, 1, '001-001-0000058', '123123123123', 'DICIEMBRE/2050', 'EL COMPRADOR II S.A.', '123456-7', NULL, NULL, 'EL PROVEEDOR II S.A.', '654321-7', NULL, NULL, '2021-10-28', '2022-01-13', 77, 0, 0, 0, 0, 0, 0, 74827295, 0, 74827295, 74827295, NULL);
insert into factoring.factura (id_lote, id_moneda, id_persona_origen, id_persona_destino, id_documento, id_tipo_documento, id_estado, nro_factura, nro_timbrado, vto_timbrado, razon_social_comprador, ruc_comprador, direccion_comprador, telefono_comprador, razon_social_proveedor, ruc_proveedor, direccion_proveedor, telefono_proveedor, fecha, fecha_pago, dias_credito, monto_iva_5, monto_imponible_5, monto_total_5, monto_iva_10, monto_imponible_10, monto_total_10, monto_total_exento, monto_iva_total, monto_imponible_total, monto_total_factura, hash) values (NULL, 1, 200001, 200000, NULL, NULL, 1, '001-001-0000059', '123123123123', 'DICIEMBRE/2050', 'EL COMPRADOR II S.A.', '123456-7', NULL, NULL, 'EL PROVEEDOR II S.A.', '654321-7', NULL, NULL, '2021-10-28', '2022-01-14', 78, 0, 0, 0, 0, 0, 0, 76314958, 0, 76314958, 76314958, NULL);
insert into factoring.factura (id_lote, id_moneda, id_persona_origen, id_persona_destino, id_documento, id_tipo_documento, id_estado, nro_factura, nro_timbrado, vto_timbrado, razon_social_comprador, ruc_comprador, direccion_comprador, telefono_comprador, razon_social_proveedor, ruc_proveedor, direccion_proveedor, telefono_proveedor, fecha, fecha_pago, dias_credito, monto_iva_5, monto_imponible_5, monto_total_5, monto_iva_10, monto_imponible_10, monto_total_10, monto_total_exento, monto_iva_total, monto_imponible_total, monto_total_factura, hash) values (NULL, 1, 200001, 200000, NULL, NULL, 1, '001-001-0000060', '123123123123', 'DICIEMBRE/2050', 'EL COMPRADOR II S.A.', '123456-7', NULL, NULL, 'EL PROVEEDOR II S.A.', '654321-7', NULL, NULL, '2021-10-28', '2022-01-15', 79, 0, 0, 0, 0, 0, 0, 6486860, 0, 6486860, 6486860, NULL);
insert into factoring.factura (id_lote, id_moneda, id_persona_origen, id_persona_destino, id_documento, id_tipo_documento, id_estado, nro_factura, nro_timbrado, vto_timbrado, razon_social_comprador, ruc_comprador, direccion_comprador, telefono_comprador, razon_social_proveedor, ruc_proveedor, direccion_proveedor, telefono_proveedor, fecha, fecha_pago, dias_credito, monto_iva_5, monto_imponible_5, monto_total_5, monto_iva_10, monto_imponible_10, monto_total_10, monto_total_exento, monto_iva_total, monto_imponible_total, monto_total_factura, hash) values (NULL, 1, 200001, 200000, NULL, NULL, 1, '001-001-0000061', '123123123123', 'DICIEMBRE/2050', 'EL COMPRADOR II S.A.', '123456-7', NULL, NULL, 'EL PROVEEDOR II S.A.', '654321-7', NULL, NULL, '2021-10-28', '2022-01-16', 80, 0, 0, 0, 0, 0, 0, 71342028, 0, 71342028, 71342028, NULL);
insert into factoring.factura (id_lote, id_moneda, id_persona_origen, id_persona_destino, id_documento, id_tipo_documento, id_estado, nro_factura, nro_timbrado, vto_timbrado, razon_social_comprador, ruc_comprador, direccion_comprador, telefono_comprador, razon_social_proveedor, ruc_proveedor, direccion_proveedor, telefono_proveedor, fecha, fecha_pago, dias_credito, monto_iva_5, monto_imponible_5, monto_total_5, monto_iva_10, monto_imponible_10, monto_total_10, monto_total_exento, monto_iva_total, monto_imponible_total, monto_total_factura, hash) values (NULL, 1, 200001, 200000, NULL, NULL, 1, '001-001-0000062', '123123123123', 'DICIEMBRE/2050', 'EL COMPRADOR II S.A.', '123456-7', NULL, NULL, 'EL PROVEEDOR II S.A.', '654321-7', NULL, NULL, '2021-10-28', '2022-01-17', 81, 0, 0, 0, 0, 0, 0, 47340, 0, 47340, 47340, NULL);
insert into factoring.factura (id_lote, id_moneda, id_persona_origen, id_persona_destino, id_documento, id_tipo_documento, id_estado, nro_factura, nro_timbrado, vto_timbrado, razon_social_comprador, ruc_comprador, direccion_comprador, telefono_comprador, razon_social_proveedor, ruc_proveedor, direccion_proveedor, telefono_proveedor, fecha, fecha_pago, dias_credito, monto_iva_5, monto_imponible_5, monto_total_5, monto_iva_10, monto_imponible_10, monto_total_10, monto_total_exento, monto_iva_total, monto_imponible_total, monto_total_factura, hash) values (NULL, 1, 200001, 200000, NULL, NULL, 1, '001-001-0000063', '123123123123', 'DICIEMBRE/2050', 'EL COMPRADOR II S.A.', '123456-7', NULL, NULL, 'EL PROVEEDOR II S.A.', '654321-7', NULL, NULL, '2021-10-28', '2022-01-18', 82, 0, 0, 0, 0, 0, 0, 43171, 0, 43171, 43171, NULL);
insert into factoring.factura (id_lote, id_moneda, id_persona_origen, id_persona_destino, id_documento, id_tipo_documento, id_estado, nro_factura, nro_timbrado, vto_timbrado, razon_social_comprador, ruc_comprador, direccion_comprador, telefono_comprador, razon_social_proveedor, ruc_proveedor, direccion_proveedor, telefono_proveedor, fecha, fecha_pago, dias_credito, monto_iva_5, monto_imponible_5, monto_total_5, monto_iva_10, monto_imponible_10, monto_total_10, monto_total_exento, monto_iva_total, monto_imponible_total, monto_total_factura, hash) values (NULL, 1, 200001, 200000, NULL, NULL, 1, '001-001-0000064', '123123123123', 'DICIEMBRE/2050', 'EL COMPRADOR II S.A.', '123456-7', NULL, NULL, 'EL PROVEEDOR II S.A.', '654321-7', NULL, NULL, '2021-10-28', '2022-01-19', 83, 0, 0, 0, 0, 0, 0, 43915, 0, 43915, 43915, NULL);
insert into factoring.factura (id_lote, id_moneda, id_persona_origen, id_persona_destino, id_documento, id_tipo_documento, id_estado, nro_factura, nro_timbrado, vto_timbrado, razon_social_comprador, ruc_comprador, direccion_comprador, telefono_comprador, razon_social_proveedor, ruc_proveedor, direccion_proveedor, telefono_proveedor, fecha, fecha_pago, dias_credito, monto_iva_5, monto_imponible_5, monto_total_5, monto_iva_10, monto_imponible_10, monto_total_10, monto_total_exento, monto_iva_total, monto_imponible_total, monto_total_factura, hash) values (NULL, 1, 200001, 200000, NULL, NULL, 1, '001-001-0000065', '123123123123', 'DICIEMBRE/2050', 'EL COMPRADOR II S.A.', '123456-7', NULL, NULL, 'EL PROVEEDOR II S.A.', '654321-7', NULL, NULL, '2021-10-28', '2022-01-20', 84, 0, 0, 0, 0, 0, 0, 45383, 0, 45383, 45383, NULL);
insert into factoring.factura (id_lote, id_moneda, id_persona_origen, id_persona_destino, id_documento, id_tipo_documento, id_estado, nro_factura, nro_timbrado, vto_timbrado, razon_social_comprador, ruc_comprador, direccion_comprador, telefono_comprador, razon_social_proveedor, ruc_proveedor, direccion_proveedor, telefono_proveedor, fecha, fecha_pago, dias_credito, monto_iva_5, monto_imponible_5, monto_total_5, monto_iva_10, monto_imponible_10, monto_total_10, monto_total_exento, monto_iva_total, monto_imponible_total, monto_total_factura, hash) values (NULL, 1, 200001, 200000, NULL, NULL, 1, '001-001-0000066', '123123123123', 'DICIEMBRE/2050', 'EL COMPRADOR II S.A.', '123456-7', NULL, NULL, 'EL PROVEEDOR II S.A.', '654321-7', NULL, NULL, '2021-10-28', '2022-01-21', 85, 0, 0, 0, 0, 0, 0, 598008, 0, 598008, 598008, NULL);
insert into factoring.factura (id_lote, id_moneda, id_persona_origen, id_persona_destino, id_documento, id_tipo_documento, id_estado, nro_factura, nro_timbrado, vto_timbrado, razon_social_comprador, ruc_comprador, direccion_comprador, telefono_comprador, razon_social_proveedor, ruc_proveedor, direccion_proveedor, telefono_proveedor, fecha, fecha_pago, dias_credito, monto_iva_5, monto_imponible_5, monto_total_5, monto_iva_10, monto_imponible_10, monto_total_10, monto_total_exento, monto_iva_total, monto_imponible_total, monto_total_factura, hash) values (NULL, 1, 200001, 200000, NULL, NULL, 1, '001-001-0000067', '123123123123', 'DICIEMBRE/2050', 'EL COMPRADOR II S.A.', '123456-7', NULL, NULL, 'EL PROVEEDOR II S.A.', '654321-7', NULL, NULL, '2021-10-28', '2022-01-22', 86, 0, 0, 0, 0, 0, 0, 6431939, 0, 6431939, 6431939, NULL);
insert into factoring.factura (id_lote, id_moneda, id_persona_origen, id_persona_destino, id_documento, id_tipo_documento, id_estado, nro_factura, nro_timbrado, vto_timbrado, razon_social_comprador, ruc_comprador, direccion_comprador, telefono_comprador, razon_social_proveedor, ruc_proveedor, direccion_proveedor, telefono_proveedor, fecha, fecha_pago, dias_credito, monto_iva_5, monto_imponible_5, monto_total_5, monto_iva_10, monto_imponible_10, monto_total_10, monto_total_exento, monto_iva_total, monto_imponible_total, monto_total_factura, hash) values (NULL, 1, 200001, 200000, NULL, NULL, 1, '001-001-0000068', '123123123123', 'DICIEMBRE/2050', 'EL COMPRADOR II S.A.', '123456-7', NULL, NULL, 'EL PROVEEDOR II S.A.', '654321-7', NULL, NULL, '2021-10-28', '2022-01-23', 87, 0, 0, 0, 0, 0, 0, 41281, 0, 41281, 41281, NULL);
insert into factoring.factura (id_lote, id_moneda, id_persona_origen, id_persona_destino, id_documento, id_tipo_documento, id_estado, nro_factura, nro_timbrado, vto_timbrado, razon_social_comprador, ruc_comprador, direccion_comprador, telefono_comprador, razon_social_proveedor, ruc_proveedor, direccion_proveedor, telefono_proveedor, fecha, fecha_pago, dias_credito, monto_iva_5, monto_imponible_5, monto_total_5, monto_iva_10, monto_imponible_10, monto_total_10, monto_total_exento, monto_iva_total, monto_imponible_total, monto_total_factura, hash) values (NULL, 1, 200001, 200000, NULL, NULL, 1, '001-001-0000069', '123123123123', 'DICIEMBRE/2050', 'EL COMPRADOR II S.A.', '123456-7', NULL, NULL, 'EL PROVEEDOR II S.A.', '654321-7', NULL, NULL, '2021-10-28', '2022-01-24', 88, 0, 0, 0, 0, 0, 0, 70520719, 0, 70520719, 70520719, NULL);
insert into factoring.factura (id_lote, id_moneda, id_persona_origen, id_persona_destino, id_documento, id_tipo_documento, id_estado, nro_factura, nro_timbrado, vto_timbrado, razon_social_comprador, ruc_comprador, direccion_comprador, telefono_comprador, razon_social_proveedor, ruc_proveedor, direccion_proveedor, telefono_proveedor, fecha, fecha_pago, dias_credito, monto_iva_5, monto_imponible_5, monto_total_5, monto_iva_10, monto_imponible_10, monto_total_10, monto_total_exento, monto_iva_total, monto_imponible_total, monto_total_factura, hash) values (NULL, 1, 200001, 200000, NULL, NULL, 1, '001-001-0000070', '123123123123', 'DICIEMBRE/2050', 'EL COMPRADOR II S.A.', '123456-7', NULL, NULL, 'EL PROVEEDOR II S.A.', '654321-7', NULL, NULL, '2021-10-28', '2022-01-25', 89, 0, 0, 0, 0, 0, 0, 78940283, 0, 78940283, 78940283, NULL);
insert into factoring.factura (id_lote, id_moneda, id_persona_origen, id_persona_destino, id_documento, id_tipo_documento, id_estado, nro_factura, nro_timbrado, vto_timbrado, razon_social_comprador, ruc_comprador, direccion_comprador, telefono_comprador, razon_social_proveedor, ruc_proveedor, direccion_proveedor, telefono_proveedor, fecha, fecha_pago, dias_credito, monto_iva_5, monto_imponible_5, monto_total_5, monto_iva_10, monto_imponible_10, monto_total_10, monto_total_exento, monto_iva_total, monto_imponible_total, monto_total_factura, hash) values (NULL, 1, 200001, 200000, NULL, NULL, 1, '001-001-0000071', '123123123123', 'DICIEMBRE/2050', 'EL COMPRADOR II S.A.', '123456-7', NULL, NULL, 'EL PROVEEDOR II S.A.', '654321-7', NULL, NULL, '2021-10-28', '2022-01-26', 90, 0, 0, 0, 0, 0, 0, 48229, 0, 48229, 48229, NULL);
insert into factoring.factura (id_lote, id_moneda, id_persona_origen, id_persona_destino, id_documento, id_tipo_documento, id_estado, nro_factura, nro_timbrado, vto_timbrado, razon_social_comprador, ruc_comprador, direccion_comprador, telefono_comprador, razon_social_proveedor, ruc_proveedor, direccion_proveedor, telefono_proveedor, fecha, fecha_pago, dias_credito, monto_iva_5, monto_imponible_5, monto_total_5, monto_iva_10, monto_imponible_10, monto_total_10, monto_total_exento, monto_iva_total, monto_imponible_total, monto_total_factura, hash) values (NULL, 1, 200001, 200000, NULL, NULL, 1, '001-001-0000072', '123123123123', 'DICIEMBRE/2050', 'EL COMPRADOR II S.A.', '123456-7', NULL, NULL, 'EL PROVEEDOR II S.A.', '654321-7', NULL, NULL, '2021-10-28', '2022-01-27', 91, 0, 0, 0, 0, 0, 0, 70776442, 0, 70776442, 70776442, NULL);
insert into factoring.factura (id_lote, id_moneda, id_persona_origen, id_persona_destino, id_documento, id_tipo_documento, id_estado, nro_factura, nro_timbrado, vto_timbrado, razon_social_comprador, ruc_comprador, direccion_comprador, telefono_comprador, razon_social_proveedor, ruc_proveedor, direccion_proveedor, telefono_proveedor, fecha, fecha_pago, dias_credito, monto_iva_5, monto_imponible_5, monto_total_5, monto_iva_10, monto_imponible_10, monto_total_10, monto_total_exento, monto_iva_total, monto_imponible_total, monto_total_factura, hash) values (NULL, 1, 200001, 200000, NULL, NULL, 1, '001-001-0000073', '123123123123', 'DICIEMBRE/2050', 'EL COMPRADOR II S.A.', '123456-7', NULL, NULL, 'EL PROVEEDOR II S.A.', '654321-7', NULL, NULL, '2021-10-28', '2022-01-28', 92, 0, 0, 0, 0, 0, 0, 43267, 0, 43267, 43267, NULL);
insert into factoring.factura (id_lote, id_moneda, id_persona_origen, id_persona_destino, id_documento, id_tipo_documento, id_estado, nro_factura, nro_timbrado, vto_timbrado, razon_social_comprador, ruc_comprador, direccion_comprador, telefono_comprador, razon_social_proveedor, ruc_proveedor, direccion_proveedor, telefono_proveedor, fecha, fecha_pago, dias_credito, monto_iva_5, monto_imponible_5, monto_total_5, monto_iva_10, monto_imponible_10, monto_total_10, monto_total_exento, monto_iva_total, monto_imponible_total, monto_total_factura, hash) values (NULL, 1, 200001, 200000, NULL, NULL, 1, '001-001-0000074', '123123123123', 'DICIEMBRE/2050', 'EL COMPRADOR II S.A.', '123456-7', NULL, NULL, 'EL PROVEEDOR II S.A.', '654321-7', NULL, NULL, '2021-10-28', '2022-01-29', 93, 0, 0, 0, 0, 0, 0, 48932, 0, 48932, 48932, NULL);
insert into factoring.factura (id_lote, id_moneda, id_persona_origen, id_persona_destino, id_documento, id_tipo_documento, id_estado, nro_factura, nro_timbrado, vto_timbrado, razon_social_comprador, ruc_comprador, direccion_comprador, telefono_comprador, razon_social_proveedor, ruc_proveedor, direccion_proveedor, telefono_proveedor, fecha, fecha_pago, dias_credito, monto_iva_5, monto_imponible_5, monto_total_5, monto_iva_10, monto_imponible_10, monto_total_10, monto_total_exento, monto_iva_total, monto_imponible_total, monto_total_factura, hash) values (NULL, 1, 200001, 200000, NULL, NULL, 1, '001-001-0000075', '123123123123', 'DICIEMBRE/2050', 'EL COMPRADOR II S.A.', '123456-7', NULL, NULL, 'EL PROVEEDOR II S.A.', '654321-7', NULL, NULL, '2021-10-28', '2022-01-30', 94, 0, 0, 0, 0, 0, 0, 6054851, 0, 6054851, 6054851, NULL);
insert into factoring.factura (id_lote, id_moneda, id_persona_origen, id_persona_destino, id_documento, id_tipo_documento, id_estado, nro_factura, nro_timbrado, vto_timbrado, razon_social_comprador, ruc_comprador, direccion_comprador, telefono_comprador, razon_social_proveedor, ruc_proveedor, direccion_proveedor, telefono_proveedor, fecha, fecha_pago, dias_credito, monto_iva_5, monto_imponible_5, monto_total_5, monto_iva_10, monto_imponible_10, monto_total_10, monto_total_exento, monto_iva_total, monto_imponible_total, monto_total_factura, hash) values (NULL, 1, 200001, 200000, NULL, NULL, 1, '001-001-0000076', '123123123123', 'DICIEMBRE/2050', 'EL COMPRADOR II S.A.', '123456-7', NULL, NULL, 'EL PROVEEDOR II S.A.', '654321-7', NULL, NULL, '2021-10-28', '2022-01-31', 95, 0, 0, 0, 0, 0, 0, 76490414, 0, 76490414, 76490414, NULL);
insert into factoring.factura (id_lote, id_moneda, id_persona_origen, id_persona_destino, id_documento, id_tipo_documento, id_estado, nro_factura, nro_timbrado, vto_timbrado, razon_social_comprador, ruc_comprador, direccion_comprador, telefono_comprador, razon_social_proveedor, ruc_proveedor, direccion_proveedor, telefono_proveedor, fecha, fecha_pago, dias_credito, monto_iva_5, monto_imponible_5, monto_total_5, monto_iva_10, monto_imponible_10, monto_total_10, monto_total_exento, monto_iva_total, monto_imponible_total, monto_total_factura, hash) values (NULL, 1, 200001, 200000, NULL, NULL, 1, '001-001-0000077', '123123123123', 'DICIEMBRE/2050', 'EL COMPRADOR II S.A.', '123456-7', NULL, NULL, 'EL PROVEEDOR II S.A.', '654321-7', NULL, NULL, '2021-10-28', '2022-02-01', 96, 0, 0, 0, 0, 0, 0, 41797, 0, 41797, 41797, NULL);
insert into factoring.factura (id_lote, id_moneda, id_persona_origen, id_persona_destino, id_documento, id_tipo_documento, id_estado, nro_factura, nro_timbrado, vto_timbrado, razon_social_comprador, ruc_comprador, direccion_comprador, telefono_comprador, razon_social_proveedor, ruc_proveedor, direccion_proveedor, telefono_proveedor, fecha, fecha_pago, dias_credito, monto_iva_5, monto_imponible_5, monto_total_5, monto_iva_10, monto_imponible_10, monto_total_10, monto_total_exento, monto_iva_total, monto_imponible_total, monto_total_factura, hash) values (NULL, 1, 200001, 200000, NULL, NULL, 1, '001-001-0000078', '123123123123', 'DICIEMBRE/2050', 'EL COMPRADOR II S.A.', '123456-7', NULL, NULL, 'EL PROVEEDOR II S.A.', '654321-7', NULL, NULL, '2021-10-28', '2022-02-02', 97, 0, 0, 0, 0, 0, 0, 532647, 0, 532647, 532647, NULL);
insert into factoring.factura (id_lote, id_moneda, id_persona_origen, id_persona_destino, id_documento, id_tipo_documento, id_estado, nro_factura, nro_timbrado, vto_timbrado, razon_social_comprador, ruc_comprador, direccion_comprador, telefono_comprador, razon_social_proveedor, ruc_proveedor, direccion_proveedor, telefono_proveedor, fecha, fecha_pago, dias_credito, monto_iva_5, monto_imponible_5, monto_total_5, monto_iva_10, monto_imponible_10, monto_total_10, monto_total_exento, monto_iva_total, monto_imponible_total, monto_total_factura, hash) values (NULL, 1, 200001, 200000, NULL, NULL, 1, '001-001-0000079', '123123123123', 'DICIEMBRE/2050', 'EL COMPRADOR II S.A.', '123456-7', NULL, NULL, 'EL PROVEEDOR II S.A.', '654321-7', NULL, NULL, '2021-10-28', '2022-02-03', 98, 0, 0, 0, 0, 0, 0, 46403, 0, 46403, 46403, NULL);
insert into factoring.factura (id_lote, id_moneda, id_persona_origen, id_persona_destino, id_documento, id_tipo_documento, id_estado, nro_factura, nro_timbrado, vto_timbrado, razon_social_comprador, ruc_comprador, direccion_comprador, telefono_comprador, razon_social_proveedor, ruc_proveedor, direccion_proveedor, telefono_proveedor, fecha, fecha_pago, dias_credito, monto_iva_5, monto_imponible_5, monto_total_5, monto_iva_10, monto_imponible_10, monto_total_10, monto_total_exento, monto_iva_total, monto_imponible_total, monto_total_factura, hash) values (NULL, 1, 200001, 200000, NULL, NULL, 1, '001-001-0000080', '123123123123', 'DICIEMBRE/2050', 'EL COMPRADOR II S.A.', '123456-7', NULL, NULL, 'EL PROVEEDOR II S.A.', '654321-7', NULL, NULL, '2021-10-28', '2022-02-04', 99, 0, 0, 0, 0, 0, 0, 6050782, 0, 6050782, 6050782, NULL);
insert into factoring.factura (id_lote, id_moneda, id_persona_origen, id_persona_destino, id_documento, id_tipo_documento, id_estado, nro_factura, nro_timbrado, vto_timbrado, razon_social_comprador, ruc_comprador, direccion_comprador, telefono_comprador, razon_social_proveedor, ruc_proveedor, direccion_proveedor, telefono_proveedor, fecha, fecha_pago, dias_credito, monto_iva_5, monto_imponible_5, monto_total_5, monto_iva_10, monto_imponible_10, monto_total_10, monto_total_exento, monto_iva_total, monto_imponible_total, monto_total_factura, hash) values (NULL, 1, 200001, 200000, NULL, NULL, 1, '001-001-0000081', '123123123123', 'DICIEMBRE/2050', 'EL COMPRADOR II S.A.', '123456-7', NULL, NULL, 'EL PROVEEDOR II S.A.', '654321-7', NULL, NULL, '2021-10-28', '2022-02-05', 100, 0, 0, 0, 0, 0, 0, 6535619, 0, 6535619, 6535619, NULL);
insert into factoring.factura (id_lote, id_moneda, id_persona_origen, id_persona_destino, id_documento, id_tipo_documento, id_estado, nro_factura, nro_timbrado, vto_timbrado, razon_social_comprador, ruc_comprador, direccion_comprador, telefono_comprador, razon_social_proveedor, ruc_proveedor, direccion_proveedor, telefono_proveedor, fecha, fecha_pago, dias_credito, monto_iva_5, monto_imponible_5, monto_total_5, monto_iva_10, monto_imponible_10, monto_total_10, monto_total_exento, monto_iva_total, monto_imponible_total, monto_total_factura, hash) values (NULL, 1, 200001, 200000, NULL, NULL, 1, '001-001-0000082', '123123123123', 'DICIEMBRE/2050', 'EL COMPRADOR II S.A.', '123456-7', NULL, NULL, 'EL PROVEEDOR II S.A.', '654321-7', NULL, NULL, '2021-10-28', '2022-02-06', 101, 0, 0, 0, 0, 0, 0, 505774, 0, 505774, 505774, NULL);
insert into factoring.factura (id_lote, id_moneda, id_persona_origen, id_persona_destino, id_documento, id_tipo_documento, id_estado, nro_factura, nro_timbrado, vto_timbrado, razon_social_comprador, ruc_comprador, direccion_comprador, telefono_comprador, razon_social_proveedor, ruc_proveedor, direccion_proveedor, telefono_proveedor, fecha, fecha_pago, dias_credito, monto_iva_5, monto_imponible_5, monto_total_5, monto_iva_10, monto_imponible_10, monto_total_10, monto_total_exento, monto_iva_total, monto_imponible_total, monto_total_factura, hash) values (NULL, 1, 200001, 200000, NULL, NULL, 1, '001-001-0000083', '123123123123', 'DICIEMBRE/2050', 'EL COMPRADOR II S.A.', '123456-7', NULL, NULL, 'EL PROVEEDOR II S.A.', '654321-7', NULL, NULL, '2021-10-28', '2022-02-07', 102, 0, 0, 0, 0, 0, 0, 6276141, 0, 6276141, 6276141, NULL);
insert into factoring.factura (id_lote, id_moneda, id_persona_origen, id_persona_destino, id_documento, id_tipo_documento, id_estado, nro_factura, nro_timbrado, vto_timbrado, razon_social_comprador, ruc_comprador, direccion_comprador, telefono_comprador, razon_social_proveedor, ruc_proveedor, direccion_proveedor, telefono_proveedor, fecha, fecha_pago, dias_credito, monto_iva_5, monto_imponible_5, monto_total_5, monto_iva_10, monto_imponible_10, monto_total_10, monto_total_exento, monto_iva_total, monto_imponible_total, monto_total_factura, hash) values (NULL, 1, 200001, 200000, NULL, NULL, 1, '001-001-0000084', '123123123123', 'DICIEMBRE/2050', 'EL COMPRADOR II S.A.', '123456-7', NULL, NULL, 'EL PROVEEDOR II S.A.', '654321-7', NULL, NULL, '2021-10-28', '2022-02-08', 103, 0, 0, 0, 0, 0, 0, 71185906, 0, 71185906, 71185906, NULL);
insert into factoring.factura (id_lote, id_moneda, id_persona_origen, id_persona_destino, id_documento, id_tipo_documento, id_estado, nro_factura, nro_timbrado, vto_timbrado, razon_social_comprador, ruc_comprador, direccion_comprador, telefono_comprador, razon_social_proveedor, ruc_proveedor, direccion_proveedor, telefono_proveedor, fecha, fecha_pago, dias_credito, monto_iva_5, monto_imponible_5, monto_total_5, monto_iva_10, monto_imponible_10, monto_total_10, monto_total_exento, monto_iva_total, monto_imponible_total, monto_total_factura, hash) values (NULL, 1, 200001, 200000, NULL, NULL, 1, '001-001-0000085', '123123123123', 'DICIEMBRE/2050', 'EL COMPRADOR II S.A.', '123456-7', NULL, NULL, 'EL PROVEEDOR II S.A.', '654321-7', NULL, NULL, '2021-10-28', '2022-02-09', 104, 0, 0, 0, 0, 0, 0, 6918621, 0, 6918621, 6918621, NULL);
insert into factoring.factura (id_lote, id_moneda, id_persona_origen, id_persona_destino, id_documento, id_tipo_documento, id_estado, nro_factura, nro_timbrado, vto_timbrado, razon_social_comprador, ruc_comprador, direccion_comprador, telefono_comprador, razon_social_proveedor, ruc_proveedor, direccion_proveedor, telefono_proveedor, fecha, fecha_pago, dias_credito, monto_iva_5, monto_imponible_5, monto_total_5, monto_iva_10, monto_imponible_10, monto_total_10, monto_total_exento, monto_iva_total, monto_imponible_total, monto_total_factura, hash) values (NULL, 1, 200001, 200000, NULL, NULL, 1, '001-001-0000086', '123123123123', 'DICIEMBRE/2050', 'EL COMPRADOR II S.A.', '123456-7', NULL, NULL, 'EL PROVEEDOR II S.A.', '654321-7', NULL, NULL, '2021-10-28', '2022-02-10', 105, 0, 0, 0, 0, 0, 0, 41069, 0, 41069, 41069, NULL);
insert into factoring.factura (id_lote, id_moneda, id_persona_origen, id_persona_destino, id_documento, id_tipo_documento, id_estado, nro_factura, nro_timbrado, vto_timbrado, razon_social_comprador, ruc_comprador, direccion_comprador, telefono_comprador, razon_social_proveedor, ruc_proveedor, direccion_proveedor, telefono_proveedor, fecha, fecha_pago, dias_credito, monto_iva_5, monto_imponible_5, monto_total_5, monto_iva_10, monto_imponible_10, monto_total_10, monto_total_exento, monto_iva_total, monto_imponible_total, monto_total_factura, hash) values (NULL, 1, 200001, 200000, NULL, NULL, 1, '001-001-0000087', '123123123123', 'DICIEMBRE/2050', 'EL COMPRADOR II S.A.', '123456-7', NULL, NULL, 'EL PROVEEDOR II S.A.', '654321-7', NULL, NULL, '2021-10-28', '2022-02-11', 106, 0, 0, 0, 0, 0, 0, 72434940, 0, 72434940, 72434940, NULL);
insert into factoring.factura (id_lote, id_moneda, id_persona_origen, id_persona_destino, id_documento, id_tipo_documento, id_estado, nro_factura, nro_timbrado, vto_timbrado, razon_social_comprador, ruc_comprador, direccion_comprador, telefono_comprador, razon_social_proveedor, ruc_proveedor, direccion_proveedor, telefono_proveedor, fecha, fecha_pago, dias_credito, monto_iva_5, monto_imponible_5, monto_total_5, monto_iva_10, monto_imponible_10, monto_total_10, monto_total_exento, monto_iva_total, monto_imponible_total, monto_total_factura, hash) values (NULL, 1, 200001, 200000, NULL, NULL, 1, '001-001-0000088', '123123123123', 'DICIEMBRE/2050', 'EL COMPRADOR II S.A.', '123456-7', NULL, NULL, 'EL PROVEEDOR II S.A.', '654321-7', NULL, NULL, '2021-10-28', '2022-02-12', 107, 0, 0, 0, 0, 0, 0, 72492176, 0, 72492176, 72492176, NULL);
insert into factoring.factura (id_lote, id_moneda, id_persona_origen, id_persona_destino, id_documento, id_tipo_documento, id_estado, nro_factura, nro_timbrado, vto_timbrado, razon_social_comprador, ruc_comprador, direccion_comprador, telefono_comprador, razon_social_proveedor, ruc_proveedor, direccion_proveedor, telefono_proveedor, fecha, fecha_pago, dias_credito, monto_iva_5, monto_imponible_5, monto_total_5, monto_iva_10, monto_imponible_10, monto_total_10, monto_total_exento, monto_iva_total, monto_imponible_total, monto_total_factura, hash) values (NULL, 1, 200001, 200000, NULL, NULL, 1, '001-001-0000089', '123123123123', 'DICIEMBRE/2050', 'EL COMPRADOR II S.A.', '123456-7', NULL, NULL, 'EL PROVEEDOR II S.A.', '654321-7', NULL, NULL, '2021-10-28', '2022-02-13', 108, 0, 0, 0, 0, 0, 0, 567400, 0, 567400, 567400, NULL);
insert into factoring.factura (id_lote, id_moneda, id_persona_origen, id_persona_destino, id_documento, id_tipo_documento, id_estado, nro_factura, nro_timbrado, vto_timbrado, razon_social_comprador, ruc_comprador, direccion_comprador, telefono_comprador, razon_social_proveedor, ruc_proveedor, direccion_proveedor, telefono_proveedor, fecha, fecha_pago, dias_credito, monto_iva_5, monto_imponible_5, monto_total_5, monto_iva_10, monto_imponible_10, monto_total_10, monto_total_exento, monto_iva_total, monto_imponible_total, monto_total_factura, hash) values (NULL, 1, 200001, 200000, NULL, NULL, 1, '001-001-0000090', '123123123123', 'DICIEMBRE/2050', 'EL COMPRADOR II S.A.', '123456-7', NULL, NULL, 'EL PROVEEDOR II S.A.', '654321-7', NULL, NULL, '2021-10-28', '2022-02-14', 109, 0, 0, 0, 0, 0, 0, 78829162, 0, 78829162, 78829162, NULL);
insert into factoring.factura (id_lote, id_moneda, id_persona_origen, id_persona_destino, id_documento, id_tipo_documento, id_estado, nro_factura, nro_timbrado, vto_timbrado, razon_social_comprador, ruc_comprador, direccion_comprador, telefono_comprador, razon_social_proveedor, ruc_proveedor, direccion_proveedor, telefono_proveedor, fecha, fecha_pago, dias_credito, monto_iva_5, monto_imponible_5, monto_total_5, monto_iva_10, monto_imponible_10, monto_total_10, monto_total_exento, monto_iva_total, monto_imponible_total, monto_total_factura, hash) values (NULL, 1, 200001, 200000, NULL, NULL, 1, '001-001-0000091', '123123123123', 'DICIEMBRE/2050', 'EL COMPRADOR II S.A.', '123456-7', NULL, NULL, 'EL PROVEEDOR II S.A.', '654321-7', NULL, NULL, '2021-10-28', '2022-02-15', 110, 0, 0, 0, 0, 0, 0, 40078, 0, 40078, 40078, NULL);
insert into factoring.factura (id_lote, id_moneda, id_persona_origen, id_persona_destino, id_documento, id_tipo_documento, id_estado, nro_factura, nro_timbrado, vto_timbrado, razon_social_comprador, ruc_comprador, direccion_comprador, telefono_comprador, razon_social_proveedor, ruc_proveedor, direccion_proveedor, telefono_proveedor, fecha, fecha_pago, dias_credito, monto_iva_5, monto_imponible_5, monto_total_5, monto_iva_10, monto_imponible_10, monto_total_10, monto_total_exento, monto_iva_total, monto_imponible_total, monto_total_factura, hash) values (NULL, 1, 200001, 200000, NULL, NULL, 1, '001-001-0000092', '123123123123', 'DICIEMBRE/2050', 'EL COMPRADOR II S.A.', '123456-7', NULL, NULL, 'EL PROVEEDOR II S.A.', '654321-7', NULL, NULL, '2021-10-28', '2022-02-16', 111, 0, 0, 0, 0, 0, 0, 44332, 0, 44332, 44332, NULL);
insert into factoring.factura (id_lote, id_moneda, id_persona_origen, id_persona_destino, id_documento, id_tipo_documento, id_estado, nro_factura, nro_timbrado, vto_timbrado, razon_social_comprador, ruc_comprador, direccion_comprador, telefono_comprador, razon_social_proveedor, ruc_proveedor, direccion_proveedor, telefono_proveedor, fecha, fecha_pago, dias_credito, monto_iva_5, monto_imponible_5, monto_total_5, monto_iva_10, monto_imponible_10, monto_total_10, monto_total_exento, monto_iva_total, monto_imponible_total, monto_total_factura, hash) values (NULL, 1, 200001, 200000, NULL, NULL, 1, '001-001-0000093', '123123123123', 'DICIEMBRE/2050', 'EL COMPRADOR II S.A.', '123456-7', NULL, NULL, 'EL PROVEEDOR II S.A.', '654321-7', NULL, NULL, '2021-10-28', '2022-02-17', 112, 0, 0, 0, 0, 0, 0, 530387, 0, 530387, 530387, NULL);
insert into factoring.factura (id_lote, id_moneda, id_persona_origen, id_persona_destino, id_documento, id_tipo_documento, id_estado, nro_factura, nro_timbrado, vto_timbrado, razon_social_comprador, ruc_comprador, direccion_comprador, telefono_comprador, razon_social_proveedor, ruc_proveedor, direccion_proveedor, telefono_proveedor, fecha, fecha_pago, dias_credito, monto_iva_5, monto_imponible_5, monto_total_5, monto_iva_10, monto_imponible_10, monto_total_10, monto_total_exento, monto_iva_total, monto_imponible_total, monto_total_factura, hash) values (NULL, 1, 200001, 200000, NULL, NULL, 1, '001-001-0000094', '123123123123', 'DICIEMBRE/2050', 'EL COMPRADOR II S.A.', '123456-7', NULL, NULL, 'EL PROVEEDOR II S.A.', '654321-7', NULL, NULL, '2021-10-28', '2022-02-18', 113, 0, 0, 0, 0, 0, 0, 6900086, 0, 6900086, 6900086, NULL);
insert into factoring.factura (id_lote, id_moneda, id_persona_origen, id_persona_destino, id_documento, id_tipo_documento, id_estado, nro_factura, nro_timbrado, vto_timbrado, razon_social_comprador, ruc_comprador, direccion_comprador, telefono_comprador, razon_social_proveedor, ruc_proveedor, direccion_proveedor, telefono_proveedor, fecha, fecha_pago, dias_credito, monto_iva_5, monto_imponible_5, monto_total_5, monto_iva_10, monto_imponible_10, monto_total_10, monto_total_exento, monto_iva_total, monto_imponible_total, monto_total_factura, hash) values (NULL, 1, 200001, 200000, NULL, NULL, 1, '001-001-0000095', '123123123123', 'DICIEMBRE/2050', 'EL COMPRADOR II S.A.', '123456-7', NULL, NULL, 'EL PROVEEDOR II S.A.', '654321-7', NULL, NULL, '2021-10-28', '2022-02-19', 114, 0, 0, 0, 0, 0, 0, 6959099, 0, 6959099, 6959099, NULL);
insert into factoring.factura (id_lote, id_moneda, id_persona_origen, id_persona_destino, id_documento, id_tipo_documento, id_estado, nro_factura, nro_timbrado, vto_timbrado, razon_social_comprador, ruc_comprador, direccion_comprador, telefono_comprador, razon_social_proveedor, ruc_proveedor, direccion_proveedor, telefono_proveedor, fecha, fecha_pago, dias_credito, monto_iva_5, monto_imponible_5, monto_total_5, monto_iva_10, monto_imponible_10, monto_total_10, monto_total_exento, monto_iva_total, monto_imponible_total, monto_total_factura, hash) values (NULL, 1, 200001, 200000, NULL, NULL, 1, '001-001-0000096', '123123123123', 'DICIEMBRE/2050', 'EL COMPRADOR II S.A.', '123456-7', NULL, NULL, 'EL PROVEEDOR II S.A.', '654321-7', NULL, NULL, '2021-10-28', '2022-02-20', 115, 0, 0, 0, 0, 0, 0, 551626, 0, 551626, 551626, NULL);
insert into factoring.factura (id_lote, id_moneda, id_persona_origen, id_persona_destino, id_documento, id_tipo_documento, id_estado, nro_factura, nro_timbrado, vto_timbrado, razon_social_comprador, ruc_comprador, direccion_comprador, telefono_comprador, razon_social_proveedor, ruc_proveedor, direccion_proveedor, telefono_proveedor, fecha, fecha_pago, dias_credito, monto_iva_5, monto_imponible_5, monto_total_5, monto_iva_10, monto_imponible_10, monto_total_10, monto_total_exento, monto_iva_total, monto_imponible_total, monto_total_factura, hash) values (NULL, 1, 200001, 200000, NULL, NULL, 1, '001-001-0000097', '123123123123', 'DICIEMBRE/2050', 'EL COMPRADOR II S.A.', '123456-7', NULL, NULL, 'EL PROVEEDOR II S.A.', '654321-7', NULL, NULL, '2021-10-28', '2022-02-21', 116, 0, 0, 0, 0, 0, 0, 72036304, 0, 72036304, 72036304, NULL);
insert into factoring.factura (id_lote, id_moneda, id_persona_origen, id_persona_destino, id_documento, id_tipo_documento, id_estado, nro_factura, nro_timbrado, vto_timbrado, razon_social_comprador, ruc_comprador, direccion_comprador, telefono_comprador, razon_social_proveedor, ruc_proveedor, direccion_proveedor, telefono_proveedor, fecha, fecha_pago, dias_credito, monto_iva_5, monto_imponible_5, monto_total_5, monto_iva_10, monto_imponible_10, monto_total_10, monto_total_exento, monto_iva_total, monto_imponible_total, monto_total_factura, hash) values (NULL, 1, 200001, 200000, NULL, NULL, 1, '001-001-0000098', '123123123123', 'DICIEMBRE/2050', 'EL COMPRADOR II S.A.', '123456-7', NULL, NULL, 'EL PROVEEDOR II S.A.', '654321-7', NULL, NULL, '2021-10-28', '2022-02-22', 117, 0, 0, 0, 0, 0, 0, 73692010, 0, 73692010, 73692010, NULL);
insert into factoring.factura (id_lote, id_moneda, id_persona_origen, id_persona_destino, id_documento, id_tipo_documento, id_estado, nro_factura, nro_timbrado, vto_timbrado, razon_social_comprador, ruc_comprador, direccion_comprador, telefono_comprador, razon_social_proveedor, ruc_proveedor, direccion_proveedor, telefono_proveedor, fecha, fecha_pago, dias_credito, monto_iva_5, monto_imponible_5, monto_total_5, monto_iva_10, monto_imponible_10, monto_total_10, monto_total_exento, monto_iva_total, monto_imponible_total, monto_total_factura, hash) values (NULL, 1, 200001, 200000, NULL, NULL, 1, '001-001-0000099', '123123123123', 'DICIEMBRE/2050', 'EL COMPRADOR II S.A.', '123456-7', NULL, NULL, 'EL PROVEEDOR II S.A.', '654321-7', NULL, NULL, '2021-10-28', '2022-02-23', 118, 0, 0, 0, 0, 0, 0, 6634187, 0, 6634187, 6634187, NULL);
insert into factoring.factura (id_lote, id_moneda, id_persona_origen, id_persona_destino, id_documento, id_tipo_documento, id_estado, nro_factura, nro_timbrado, vto_timbrado, razon_social_comprador, ruc_comprador, direccion_comprador, telefono_comprador, razon_social_proveedor, ruc_proveedor, direccion_proveedor, telefono_proveedor, fecha, fecha_pago, dias_credito, monto_iva_5, monto_imponible_5, monto_total_5, monto_iva_10, monto_imponible_10, monto_total_10, monto_total_exento, monto_iva_total, monto_imponible_total, monto_total_factura, hash) values (NULL, 1, 200001, 200000, NULL, NULL, 1, '001-001-0000100', '123123123123', 'DICIEMBRE/2050', 'EL COMPRADOR II S.A.', '123456-7', NULL, NULL, 'EL PROVEEDOR II S.A.', '654321-7', NULL, NULL, '2021-10-28', '2022-02-24', 119, 0, 0, 0, 0, 0, 0, 72440214, 0, 72440214, 72440214, NULL);